state,year,drought,flooding,freeze,severe storm,tropical cyclone,wildfire,winter storm
AK,1980,0,0,0,0,0,0,0
AL,1980,1,0,0,0,0,0,0
AR,1980,1,1,0,0,0,0,0
AZ,1980,0,0,0,0,0,0,0
CA,1980,0,0,0,0,0,0,0
CO,1980,0,0,0,0,0,0,0
CT,1980,0,0,0,0,0,0,0
DE,1980,0,0,0,0,0,0,0
FL,1980,0,0,0,0,0,0,0
GA,1980,1,0,0,0,0,0,0
HI,1980,0,0,0,0,0,0,0
IA,1980,1,0,0,0,0,0,0
ID,1980,0,0,0,0,0,0,0
IL,1980,1,0,0,0,0,0,0
IN,1980,0,0,0,0,0,0,0
KS,1980,1,0,0,0,0,0,0
KY,1980,1,0,0,0,0,0,0
LA,1980,1,1,0,0,1,0,0
MA,1980,0,0,0,0,0,0,0
MD,1980,0,0,0,0,0,0,0
ME,1980,0,0,0,0,0,0,0
MI,1980,0,0,0,0,0,0,0
MN,1980,1,0,0,0,0,0,0
MO,1980,1,0,0,0,0,0,0
MS,1980,1,1,0,0,0,0,0
MT,1980,1,0,0,0,0,0,0
NC,1980,1,0,0,0,0,0,0
ND,1980,1,0,0,0,0,0,0
NE,1980,1,0,0,0,0,0,0
NH,1980,0,0,0,0,0,0,0
NJ,1980,0,0,0,0,0,0,0
NM,1980,0,0,0,0,0,0,0
NV,1980,0,0,0,0,0,0,0
NY,1980,0,0,0,0,0,0,0
OH,1980,0,0,0,0,0,0,0
OK,1980,1,0,0,0,0,0,0
OR,1980,0,0,0,0,0,0,0
PA,1980,0,0,0,0,0,0,0
PR,1980,0,0,0,0,0,0,0
RI,1980,0,0,0,0,0,0,0
SC,1980,1,0,0,0,0,0,0
SD,1980,1,0,0,0,0,0,0
TN,1980,1,0,0,0,0,0,0
TX,1980,1,0,0,0,1,0,0
UT,1980,0,0,0,0,0,0,0
VA,1980,1,0,0,0,0,0,0
VI,1980,0,0,0,0,0,0,0
VT,1980,0,0,0,0,0,0,0
WA,1980,0,0,0,0,0,0,0
WI,1980,0,0,0,0,0,0,0
WV,1980,0,0,0,0,0,0,0
WY,1980,0,0,0,0,0,0,0
AK,1981,0,0,0,0,0,0,0
AL,1981,0,0,0,1,0,0,0
AR,1981,0,0,0,0,0,0,0
AZ,1981,0,0,0,0,0,0,0
CA,1981,0,0,0,0,0,0,0
CO,1981,0,0,0,0,0,0,0
CT,1981,0,0,0,0,0,0,0
DE,1981,0,0,0,0,0,0,0
FL,1981,0,0,1,0,0,0,0
GA,1981,0,0,0,0,0,0,0
HI,1981,0,0,0,0,0,0,0
IA,1981,0,0,0,0,0,0,0
ID,1981,0,0,0,0,0,0,0
IL,1981,0,0,0,0,0,0,0
IN,1981,0,0,0,0,0,0,0
KS,1981,0,0,0,1,0,0,0
KY,1981,0,0,0,0,0,0,0
LA,1981,0,0,0,1,0,0,0
MA,1981,0,0,0,0,0,0,0
MD,1981,0,0,0,0,0,0,0
ME,1981,0,0,0,0,0,0,0
MI,1981,0,0,0,0,0,0,0
MN,1981,0,0,0,0,0,0,0
MO,1981,0,0,0,0,0,0,0
MS,1981,0,0,0,0,0,0,0
MT,1981,0,0,0,0,0,0,0
NC,1981,0,0,0,0,0,0,0
ND,1981,0,0,0,0,0,0,0
NE,1981,0,0,0,0,0,0,0
NH,1981,0,0,0,0,0,0,0
NJ,1981,0,0,0,0,0,0,0
NM,1981,0,0,0,0,0,0,0
NV,1981,0,0,0,0,0,0,0
NY,1981,0,0,0,0,0,0,0
OH,1981,0,0,0,0,0,0,0
OK,1981,0,0,0,1,0,0,0
OR,1981,0,0,0,0,0,0,0
PA,1981,0,0,0,0,0,0,0
PR,1981,0,0,0,0,0,0,0
RI,1981,0,0,0,0,0,0,0
SC,1981,0,0,0,0,0,0,0
SD,1981,0,0,0,0,0,0,0
TN,1981,0,0,0,0,0,0,0
TX,1981,0,0,0,1,0,0,0
UT,1981,0,0,0,0,0,0,0
VA,1981,0,0,0,0,0,0,0
VI,1981,0,0,0,0,0,0,0
VT,1981,0,0,0,0,0,0,0
WA,1981,0,0,0,0,0,0,0
WI,1981,0,0,0,0,0,0,0
WV,1981,0,0,0,0,0,0,0
WY,1981,0,0,0,0,0,0,0
AK,1982,0,0,0,0,0,0,0
AL,1982,0,0,0,1,0,0,1
AR,1982,0,0,0,1,0,0,1
AZ,1982,0,0,0,0,0,0,0
CA,1982,0,0,0,0,0,0,0
CO,1982,0,0,0,1,0,0,0
CT,1982,0,0,0,1,0,0,1
DE,1982,0,0,0,0,0,0,1
FL,1982,0,0,0,0,0,0,1
GA,1982,0,0,0,0,0,0,1
HI,1982,0,0,0,0,0,0,0
IA,1982,0,0,0,2,0,0,1
ID,1982,0,0,0,0,0,0,0
IL,1982,0,0,0,2,0,0,1
IN,1982,0,0,0,2,0,0,1
KS,1982,0,0,0,2,0,0,1
KY,1982,0,0,0,2,0,0,1
LA,1982,0,0,0,1,0,0,1
MA,1982,0,0,0,1,0,0,1
MD,1982,0,0,0,0,0,0,1
ME,1982,0,0,0,0,0,0,1
MI,1982,0,0,0,1,0,0,1
MN,1982,0,0,0,1,0,0,1
MO,1982,0,0,0,2,0,0,1
MS,1982,0,0,0,1,0,0,1
MT,1982,0,0,0,0,0,0,0
NC,1982,0,0,0,0,0,0,1
ND,1982,0,0,0,0,0,0,1
NE,1982,0,0,0,1,0,0,0
NH,1982,0,0,0,0,0,0,1
NJ,1982,0,0,0,0,0,0,1
NM,1982,0,0,0,0,0,0,0
NV,1982,0,0,0,0,0,0,0
NY,1982,0,0,0,0,0,0,1
OH,1982,0,0,0,2,0,0,1
OK,1982,0,0,0,2,0,0,1
OR,1982,0,0,0,0,0,0,0
PA,1982,0,0,0,1,0,0,1
PR,1982,0,0,0,0,0,0,0
RI,1982,0,0,0,0,0,0,1
SC,1982,0,0,0,1,0,0,1
SD,1982,0,0,0,0,0,0,0
TN,1982,0,0,0,1,0,0,1
TX,1982,0,0,0,2,0,0,1
UT,1982,0,0,0,0,0,0,0
VA,1982,0,0,0,0,0,0,1
VI,1982,0,0,0,0,0,0,0
VT,1982,0,0,0,0,0,0,1
WA,1982,0,0,0,0,0,0,0
WI,1982,0,0,0,1,0,0,1
WV,1982,0,0,0,1,0,0,1
WY,1982,0,0,0,0,0,0,0
AK,1983,0,0,0,0,0,0,0
AL,1983,1,1,1,0,0,0,0
AR,1983,1,1,1,0,0,0,0
AZ,1983,0,1,0,0,0,0,0
CA,1983,0,1,0,0,0,0,0
CO,1983,0,0,1,0,0,0,0
CT,1983,0,0,1,0,0,0,0
DE,1983,0,0,1,0,0,0,0
FL,1983,0,1,1,0,0,0,0
GA,1983,1,0,1,0,0,0,0
HI,1983,0,0,0,0,0,0,0
IA,1983,0,0,1,0,0,0,0
ID,1983,0,1,1,0,0,0,0
IL,1983,0,0,1,0,0,0,0
IN,1983,0,0,1,0,0,0,0
KS,1983,0,0,1,0,0,0,0
KY,1983,1,0,1,0,0,0,0
LA,1983,1,1,1,0,0,0,0
MA,1983,0,0,1,0,0,0,0
MD,1983,0,0,1,0,0,0,0
ME,1983,0,0,0,0,0,0,0
MI,1983,0,0,1,0,0,0,0
MN,1983,0,0,1,0,0,0,0
MO,1983,1,0,1,0,0,0,0
MS,1983,1,1,1,0,0,0,0
MT,1983,0,1,1,0,0,0,0
NC,1983,1,0,1,0,0,0,0
ND,1983,0,0,1,0,0,0,0
NE,1983,0,0,1,0,0,0,0
NH,1983,0,0,0,0,0,0,0
NJ,1983,0,0,1,0,0,0,0
NM,1983,0,0,0,0,0,0,0
NV,1983,0,0,0,0,0,0,0
NY,1983,0,0,1,0,0,0,0
OH,1983,0,0,1,0,0,0,0
OK,1983,0,0,1,0,0,0,0
OR,1983,0,1,1,0,0,0,0
PA,1983,0,0,1,0,0,0,0
PR,1983,0,0,0,0,0,0,0
RI,1983,0,0,1,0,0,0,0
SC,1983,1,0,1,0,0,0,0
SD,1983,0,0,1,0,0,0,0
TN,1983,1,0,1,0,0,0,0
TX,1983,0,0,1,0,1,0,0
UT,1983,0,1,1,0,0,0,0
VA,1983,1,0,1,0,0,0,0
VI,1983,0,0,0,0,0,0,0
VT,1983,0,0,0,0,0,0,0
WA,1983,0,1,1,0,0,0,0
WI,1983,0,0,1,0,0,0,0
WV,1983,0,0,1,0,0,0,0
WY,1983,0,0,1,0,0,0,0
AK,1984,0,0,0,0,0,0,0
AL,1984,0,0,0,0,0,0,0
AR,1984,0,0,0,1,0,0,0
AZ,1984,0,0,0,0,0,0,0
CA,1984,0,0,0,0,0,0,0
CO,1984,0,0,0,1,0,0,0
CT,1984,0,0,0,1,0,0,0
DE,1984,0,0,0,0,0,0,0
FL,1984,0,0,0,1,0,0,0
GA,1984,0,0,0,1,0,0,0
HI,1984,0,0,0,0,0,0,0
IA,1984,0,0,0,0,0,0,0
ID,1984,0,0,0,0,0,0,0
IL,1984,0,0,0,1,0,0,0
IN,1984,0,0,0,0,0,0,0
KS,1984,0,0,0,0,0,0,0
KY,1984,0,0,0,0,0,0,0
LA,1984,0,0,0,0,0,0,0
MA,1984,0,0,0,1,0,0,0
MD,1984,0,0,0,1,0,0,0
ME,1984,0,0,0,0,0,0,0
MI,1984,0,0,0,0,0,0,0
MN,1984,0,0,0,0,0,0,0
MO,1984,0,0,0,1,0,0,0
MS,1984,0,0,0,0,0,0,0
MT,1984,0,0,0,0,0,0,0
NC,1984,0,0,0,1,0,0,0
ND,1984,0,0,0,0,0,0,0
NE,1984,0,0,0,0,0,0,0
NH,1984,0,0,0,0,0,0,0
NJ,1984,0,0,0,1,0,0,0
NM,1984,0,0,0,0,0,0,0
NV,1984,0,0,0,0,0,0,0
NY,1984,0,0,0,1,0,0,0
OH,1984,0,0,0,0,0,0,0
OK,1984,0,0,0,0,0,0,0
OR,1984,0,0,0,0,0,0,0
PA,1984,0,0,0,1,0,0,0
PR,1984,0,0,0,0,0,0,0
RI,1984,0,0,0,1,0,0,0
SC,1984,0,0,0,1,0,0,0
SD,1984,0,0,0,1,0,0,0
TN,1984,0,0,0,0,0,0,0
TX,1984,0,0,0,0,0,0,0
UT,1984,0,0,0,0,0,0,0
VA,1984,0,0,0,1,0,0,0
VI,1984,0,0,0,0,0,0,0
VT,1984,0,0,0,0,0,0,0
WA,1984,0,0,0,0,0,0,0
WI,1984,0,0,0,0,0,0,0
WV,1984,0,0,0,0,0,0,0
WY,1984,0,0,0,0,0,0,0
AK,1985,0,0,0,0,0,0,0
AL,1985,0,0,0,0,2,0,1
AR,1985,0,0,0,0,0,0,1
AZ,1985,0,0,0,0,0,0,0
CA,1985,0,0,0,0,0,0,0
CO,1985,0,0,0,0,0,0,0
CT,1985,0,0,0,0,1,0,1
DE,1985,0,0,0,0,1,0,1
FL,1985,0,0,1,0,2,0,1
GA,1985,0,0,0,0,0,0,1
HI,1985,0,0,0,0,0,0,0
IA,1985,0,0,0,0,0,0,1
ID,1985,0,0,0,0,0,0,0
IL,1985,0,0,0,0,0,0,1
IN,1985,0,0,0,0,0,0,1
KS,1985,0,0,0,0,0,0,0
KY,1985,0,0,0,0,0,0,1
LA,1985,0,0,0,0,2,0,1
MA,1985,0,0,0,0,1,0,0
MD,1985,0,1,0,0,1,0,1
ME,1985,0,0,0,0,1,0,0
MI,1985,0,0,0,0,0,0,1
MN,1985,0,0,0,0,0,0,1
MO,1985,0,0,0,0,0,0,1
MS,1985,0,0,0,0,2,0,1
MT,1985,0,0,0,0,0,0,0
NC,1985,0,0,0,0,1,0,1
ND,1985,0,0,0,0,0,0,0
NE,1985,0,0,0,0,0,0,0
NH,1985,0,0,0,0,1,0,0
NJ,1985,0,0,0,0,1,0,1
NM,1985,0,0,0,0,0,0,0
NV,1985,0,0,0,0,0,0,0
NY,1985,0,0,0,0,1,0,1
OH,1985,0,0,0,0,0,0,1
OK,1985,0,0,0,0,0,0,1
OR,1985,0,0,0,0,0,0,0
PA,1985,0,1,0,0,1,0,1
PR,1985,0,0,0,0,0,0,0
RI,1985,0,0,0,0,1,0,1
SC,1985,0,0,0,0,0,0,1
SD,1985,0,0,0,0,0,0,0
TN,1985,0,0,0,0,0,0,1
TX,1985,0,0,0,0,0,0,1
UT,1985,0,0,0,0,0,0,0
VA,1985,0,1,0,0,1,0,1
VI,1985,0,0,0,0,0,0,0
VT,1985,0,0,0,0,1,0,0
WA,1985,0,0,0,0,0,0,0
WI,1985,0,0,0,0,0,0,1
WV,1985,0,1,0,0,0,0,1
WY,1985,0,0,0,0,0,0,0
AK,1986,0,0,0,0,0,0,0
AL,1986,1,0,0,0,0,0,0
AR,1986,1,0,0,0,0,0,0
AZ,1986,0,0,0,0,0,0,0
CA,1986,0,0,0,1,0,0,0
CO,1986,0,0,0,1,0,0,0
CT,1986,0,0,0,0,0,0,0
DE,1986,0,0,0,0,0,0,0
FL,1986,0,0,0,0,0,0,0
GA,1986,1,0,0,0,0,0,0
HI,1986,0,0,0,0,0,0,0
IA,1986,0,0,0,0,0,0,0
ID,1986,0,0,0,0,0,0,0
IL,1986,0,0,0,0,0,0,0
IN,1986,0,0,0,0,0,0,0
KS,1986,0,0,0,0,0,0,0
KY,1986,0,0,0,0,0,0,0
LA,1986,1,0,0,0,0,0,0
MA,1986,0,0,0,0,0,0,0
MD,1986,0,0,0,0,0,0,0
ME,1986,0,0,0,0,0,0,0
MI,1986,0,0,0,0,0,0,0
MN,1986,0,0,0,0,0,0,0
MO,1986,0,0,0,0,0,0,0
MS,1986,1,0,0,0,0,0,0
MT,1986,0,0,0,0,0,0,0
NC,1986,1,0,0,0,0,0,0
ND,1986,0,0,0,0,0,0,0
NE,1986,0,0,0,0,0,0,0
NH,1986,0,0,0,0,0,0,0
NJ,1986,0,0,0,0,0,0,0
NM,1986,0,0,0,0,0,0,0
NV,1986,0,0,0,1,0,0,0
NY,1986,0,0,0,0,0,0,0
OH,1986,0,0,0,0,0,0,0
OK,1986,0,0,0,0,0,0,0
OR,1986,0,0,0,1,0,0,0
PA,1986,0,0,0,0,0,0,0
PR,1986,0,0,0,0,0,0,0
RI,1986,0,0,0,0,0,0,0
SC,1986,1,0,0,0,0,0,0
SD,1986,0,0,0,0,0,0,0
TN,1986,1,0,0,0,0,0,0
TX,1986,0,0,0,0,0,0,0
UT,1986,0,0,0,0,0,0,0
VA,1986,1,0,0,0,0,0,0
VI,1986,0,0,0,0,0,0,0
VT,1986,0,0,0,0,0,0,0
WA,1986,0,0,0,0,0,0,0
WI,1986,0,0,0,0,0,0,0
WV,1986,0,0,0,0,0,0,0
WY,1986,0,0,0,1,0,0,0
AK,1987,0,0,0,0,0,0,0
AL,1987,0,0,0,0,0,0,0
AR,1987,0,0,0,0,0,0,0
AZ,1987,0,0,0,0,0,0,0
CA,1987,0,0,0,0,0,0,0
CO,1987,0,0,0,0,0,0,0
CT,1987,0,0,0,0,0,0,0
DE,1987,0,0,0,0,0,0,0
FL,1987,0,0,0,0,0,0,0
GA,1987,0,0,0,0,0,0,0
HI,1987,0,0,0,0,0,0,0
IA,1987,0,0,0,0,0,0,0
ID,1987,0,0,0,0,0,0,0
IL,1987,0,0,0,0,0,0,0
IN,1987,0,0,0,0,0,0,0
KS,1987,0,0,0,0,0,0,0
KY,1987,0,0,0,0,0,0,0
LA,1987,0,0,0,0,0,0,0
MA,1987,0,0,0,0,0,0,0
MD,1987,0,0,0,0,0,0,0
ME,1987,0,0,0,0,0,0,0
MI,1987,0,0,0,0,0,0,0
MN,1987,0,0,0,0,0,0,0
MO,1987,0,0,0,0,0,0,0
MS,1987,0,0,0,0,0,0,0
MT,1987,0,0,0,0,0,0,0
NC,1987,0,0,0,0,0,0,0
ND,1987,0,0,0,0,0,0,0
NE,1987,0,0,0,0,0,0,0
NH,1987,0,0,0,0,0,0,0
NJ,1987,0,0,0,0,0,0,0
NM,1987,0,0,0,0,0,0,0
NV,1987,0,0,0,0,0,0,0
NY,1987,0,0,0,0,0,0,0
OH,1987,0,0,0,0,0,0,0
OK,1987,0,0,0,0,0,0,0
OR,1987,0,0,0,0,0,0,0
PA,1987,0,0,0,0,0,0,0
PR,1987,0,0,0,0,0,0,0
RI,1987,0,0,0,0,0,0,0
SC,1987,0,0,0,0,0,0,0
SD,1987,0,0,0,0,0,0,0
TN,1987,0,0,0,0,0,0,0
TX,1987,0,0,0,0,0,0,0
UT,1987,0,0,0,0,0,0,0
VA,1987,0,0,0,0,0,0,0
VI,1987,0,0,0,0,0,0,0
VT,1987,0,0,0,0,0,0,0
WA,1987,0,0,0,0,0,0,0
WI,1987,0,0,0,0,0,0,0
WV,1987,0,0,0,0,0,0,0
WY,1987,0,0,0,0,0,0,0
AK,1988,0,0,0,0,0,0,0
AL,1988,1,0,0,0,0,0,0
AR,1988,1,0,0,0,0,0,0
AZ,1988,0,0,0,0,0,0,0
CA,1988,0,0,0,0,0,0,0
CO,1988,0,0,0,0,0,0,0
CT,1988,0,0,0,0,0,0,0
DE,1988,0,0,0,0,0,0,0
FL,1988,0,0,0,0,0,0,0
GA,1988,0,0,0,0,0,0,0
HI,1988,0,0,0,0,0,0,0
IA,1988,1,0,0,0,0,0,0
ID,1988,1,0,0,0,0,0,0
IL,1988,1,0,0,0,0,0,0
IN,1988,1,0,0,0,0,0,0
KS,1988,1,0,0,0,0,0,0
KY,1988,1,0,0,0,0,0,0
LA,1988,1,0,0,0,0,0,0
MA,1988,0,0,0,0,0,0,0
MD,1988,1,0,0,0,0,0,0
ME,1988,0,0,0,0,0,0,0
MI,1988,1,0,0,0,0,0,0
MN,1988,1,0,0,0,0,0,0
MO,1988,1,0,0,0,0,0,0
MS,1988,1,0,0,0,0,0,0
MT,1988,1,0,0,0,0,0,0
NC,1988,0,0,0,0,0,0,0
ND,1988,1,0,0,0,0,0,0
NE,1988,1,0,0,0,0,0,0
NH,1988,0,0,0,0,0,0,0
NJ,1988,0,0,0,0,0,0,0
NM,1988,0,0,0,0,0,0,0
NV,1988,0,0,0,0,0,0,0
NY,1988,0,0,0,0,0,0,0
OH,1988,1,0,0,0,0,0,0
OK,1988,1,0,0,0,0,0,0
OR,1988,0,0,0,0,0,0,0
PA,1988,0,0,0,0,0,0,0
PR,1988,0,0,0,0,0,0,0
RI,1988,0,0,0,0,0,0,0
SC,1988,0,0,0,0,0,0,0
SD,1988,1,0,0,0,0,0,0
TN,1988,1,0,0,0,0,0,0
TX,1988,1,0,0,0,0,0,0
UT,1988,0,0,0,0,0,0,0
VA,1988,0,0,0,0,0,0,0
VI,1988,0,0,0,0,0,0,0
VT,1988,0,0,0,0,0,0,0
WA,1988,0,0,0,0,0,0,0
WI,1988,1,0,0,0,0,0,0
WV,1988,1,0,0,0,0,0,0
WY,1988,1,0,0,0,0,0,0
AK,1989,0,0,0,0,0,0,0
AL,1989,0,0,0,0,0,0,1
AR,1989,0,0,0,0,0,0,1
AZ,1989,0,0,0,0,0,0,0
CA,1989,0,0,0,0,0,0,0
CO,1989,1,0,0,0,0,0,0
CT,1989,0,0,0,0,0,0,1
DE,1989,0,0,0,0,0,0,0
FL,1989,0,0,1,0,0,0,1
GA,1989,0,0,0,1,0,0,1
HI,1989,0,0,0,0,0,0,0
IA,1989,1,0,0,0,0,0,0
ID,1989,0,0,0,0,0,0,0
IL,1989,1,0,0,0,0,0,1
IN,1989,0,0,0,0,0,0,1
KS,1989,1,0,0,0,0,0,0
KY,1989,0,0,0,0,0,0,1
LA,1989,0,0,0,1,0,0,1
MA,1989,0,0,0,0,0,0,0
MD,1989,0,0,0,0,0,0,0
ME,1989,0,0,0,0,0,0,1
MI,1989,0,0,0,0,0,0,0
MN,1989,0,0,0,0,0,0,0
MO,1989,1,0,0,0,0,0,1
MS,1989,0,0,0,1,0,0,1
MT,1989,0,0,0,0,0,0,0
NC,1989,0,0,0,1,1,0,1
ND,1989,1,0,0,0,0,0,0
NE,1989,1,0,0,0,0,0,0
NH,1989,0,0,0,0,0,0,1
NJ,1989,0,0,0,0,0,0,0
NM,1989,0,0,0,0,0,0,0
NV,1989,1,0,0,0,0,0,0
NY,1989,0,0,0,0,0,0,1
OH,1989,0,0,0,0,0,0,1
OK,1989,0,0,0,1,0,0,1
OR,1989,0,0,0,0,0,0,0
PA,1989,0,0,0,0,0,0,1
PR,1989,0,0,0,0,1,0,0
RI,1989,0,0,0,0,0,0,0
SC,1989,0,0,0,1,1,0,1
SD,1989,1,0,0,0,0,0,0
TN,1989,0,0,0,0,0,0,1
TX,1989,1,0,0,1,0,0,1
UT,1989,1,0,0,0,0,0,0
VA,1989,0,0,0,1,1,0,1
VI,1989,0,0,0,0,1,0,0
VT,1989,0,0,0,0,0,0,1
WA,1989,0,0,0,0,0,0,0
WI,1989,0,0,0,0,0,0,0
WV,1989,0,0,0,0,0,0,1
WY,1989,0,0,0,0,0,0,0
AK,1990,0,0,0,0,0,0,0
AL,1990,0,0,0,0,0,0,0
AR,1990,0,1,0,0,0,0,0
AZ,1990,0,0,0,0,0,0,0
CA,1990,0,0,1,0,0,0,0
CO,1990,0,0,0,1,0,0,0
CT,1990,0,0,0,0,0,0,0
DE,1990,0,0,0,0,0,0,0
FL,1990,0,0,0,0,0,0,0
GA,1990,0,0,0,0,0,0,0
HI,1990,0,0,0,0,0,0,0
IA,1990,0,0,0,0,0,0,0
ID,1990,0,0,0,0,0,0,0
IL,1990,0,0,0,0,0,0,0
IN,1990,0,0,0,0,0,0,0
KS,1990,0,0,0,0,0,0,0
KY,1990,0,0,0,0,0,0,0
LA,1990,0,1,0,0,0,0,0
MA,1990,0,0,0,0,0,0,0
MD,1990,0,0,0,0,0,0,0
ME,1990,0,0,0,0,0,0,0
MI,1990,0,0,0,0,0,0,0
MN,1990,0,0,0,0,0,0,0
MO,1990,0,0,0,0,0,0,0
MS,1990,0,0,0,0,0,0,0
MT,1990,0,0,0,0,0,0,0
NC,1990,0,0,0,0,0,0,0
ND,1990,0,0,0,0,0,0,0
NE,1990,0,0,0,0,0,0,0
NH,1990,0,0,0,0,0,0,0
NJ,1990,0,0,0,0,0,0,0
NM,1990,0,0,0,0,0,0,0
NV,1990,0,0,0,0,0,0,0
NY,1990,0,0,0,0,0,0,0
OH,1990,0,0,0,0,0,0,0
OK,1990,0,1,0,0,0,0,0
OR,1990,0,0,0,0,0,0,0
PA,1990,0,0,0,0,0,0,0
PR,1990,0,0,0,0,0,0,0
RI,1990,0,0,0,0,0,0,0
SC,1990,0,0,0,0,0,0,0
SD,1990,0,0,0,0,0,0,0
TN,1990,0,0,0,0,0,0,0
TX,1990,0,1,0,0,0,0,0
UT,1990,0,0,0,0,0,0,0
VA,1990,0,0,0,0,0,0,0
VI,1990,0,0,0,0,0,0,0
VT,1990,0,0,0,0,0,0,0
WA,1990,0,0,0,0,0,0,0
WI,1990,0,0,0,0,0,0,0
WV,1990,0,0,0,0,0,0,0
WY,1990,0,0,0,0,0,0,0
AK,1991,0,0,0,0,0,0,0
AL,1991,0,0,0,1,0,0,0
AR,1991,0,0,0,0,0,0,0
AZ,1991,0,0,0,0,0,0,0
CA,1991,0,0,0,0,0,1,0
CO,1991,0,0,0,0,0,0,0
CT,1991,0,0,0,0,1,0,0
DE,1991,0,0,0,0,0,0,0
FL,1991,0,0,0,0,0,0,0
GA,1991,0,0,0,1,0,0,0
HI,1991,0,0,0,0,0,0,0
IA,1991,1,0,0,0,0,0,0
ID,1991,0,0,0,0,0,0,0
IL,1991,1,0,0,1,0,0,0
IN,1991,1,0,0,1,0,0,0
KS,1991,1,0,0,1,0,0,0
KY,1991,0,0,0,1,0,0,0
LA,1991,0,0,0,0,0,0,0
MA,1991,0,0,0,0,1,0,0
MD,1991,0,0,0,0,0,0,0
ME,1991,0,0,0,0,1,0,0
MI,1991,0,0,0,1,0,0,0
MN,1991,1,0,0,0,0,0,0
MO,1991,1,0,0,1,0,0,0
MS,1991,0,0,0,0,0,0,0
MT,1991,0,0,0,0,0,0,0
NC,1991,0,0,0,1,1,0,0
ND,1991,0,0,0,0,0,0,0
NE,1991,0,0,0,0,0,0,0
NH,1991,0,0,0,0,0,0,0
NJ,1991,0,0,0,0,0,0,0
NM,1991,0,0,0,0,0,0,0
NV,1991,0,0,0,0,0,0,0
NY,1991,0,0,0,1,1,0,0
OH,1991,1,0,0,1,0,0,0
OK,1991,1,0,0,0,0,0,0
OR,1991,1,0,0,0,0,0,0
PA,1991,1,0,0,1,0,0,0
PR,1991,0,0,0,0,0,0,0
RI,1991,0,0,0,0,1,0,0
SC,1991,0,0,0,1,0,0,0
SD,1991,0,0,0,0,0,0,0
TN,1991,0,0,0,1,0,0,0
TX,1991,0,0,0,0,0,0,0
UT,1991,0,0,0,0,0,0,0
VA,1991,0,0,0,0,0,0,0
VI,1991,0,0,0,0,0,0,0
VT,1991,0,0,0,0,0,0,0
WA,1991,1,0,0,0,0,0,0
WI,1991,0,0,0,0,0,0,0
WV,1991,1,0,0,0,0,0,0
WY,1991,0,0,0,0,0,0,0
AK,1992,0,0,0,0,0,0,0
AL,1992,0,0,0,1,0,0,0
AR,1992,0,0,0,1,0,0,0
AZ,1992,0,0,0,0,0,0,0
CA,1992,0,0,0,0,0,0,0
CO,1992,0,0,0,0,0,0,0
CT,1992,0,0,0,0,0,0,1
DE,1992,0,0,0,0,0,0,1
FL,1992,0,0,0,1,1,0,0
GA,1992,0,0,0,1,0,0,0
HI,1992,0,0,0,0,1,0,0
IA,1992,0,0,0,0,0,0,0
ID,1992,0,0,0,0,0,0,0
IL,1992,0,0,0,0,0,0,0
IN,1992,0,0,0,1,0,0,0
KS,1992,0,0,0,1,0,0,0
KY,1992,0,0,0,1,0,0,0
LA,1992,0,0,0,2,1,0,0
MA,1992,0,0,0,0,0,0,1
MD,1992,0,0,0,0,0,0,1
ME,1992,0,0,0,0,0,0,0
MI,1992,0,0,0,0,0,0,0
MN,1992,0,0,0,0,0,0,0
MO,1992,0,0,0,0,0,0,0
MS,1992,0,0,0,1,0,0,0
MT,1992,0,0,0,0,0,0,0
NC,1992,0,0,0,1,0,0,0
ND,1992,0,0,0,0,0,0,0
NE,1992,0,0,0,0,0,0,0
NH,1992,0,0,0,0,0,0,0
NJ,1992,0,0,0,0,0,0,1
NM,1992,0,0,0,0,0,0,0
NV,1992,0,0,0,0,0,0,0
NY,1992,0,0,0,0,0,0,1
OH,1992,0,0,0,1,0,0,0
OK,1992,0,0,0,2,0,0,0
OR,1992,0,0,0,0,0,0,0
PA,1992,0,0,0,0,0,0,1
PR,1992,0,0,0,0,0,0,0
RI,1992,0,0,0,0,0,0,1
SC,1992,0,0,0,0,0,0,0
SD,1992,0,0,0,0,0,0,0
TN,1992,0,0,0,1,0,0,0
TX,1992,0,0,0,3,0,0,0
UT,1992,0,0,0,0,0,0,0
VA,1992,0,0,0,0,0,0,1
VI,1992,0,0,0,0,0,0,0
VT,1992,0,0,0,0,0,0,0
WA,1992,0,0,0,0,0,0,0
WI,1992,0,0,0,0,0,0,0
WV,1992,0,0,0,0,0,0,1
WY,1992,0,0,0,0,0,0,0
AK,1993,0,0,0,0,0,0,0
AL,1993,1,0,0,0,0,0,1
AR,1993,0,0,0,0,0,0,0
AZ,1993,0,0,0,0,0,0,0
CA,1993,0,0,0,0,0,1,0
CO,1993,0,0,0,0,0,0,0
CT,1993,0,0,0,0,0,0,1
DE,1993,0,0,0,0,0,0,1
FL,1993,1,0,0,0,0,0,1
GA,1993,1,0,0,0,0,0,1
HI,1993,0,0,0,0,0,0,0
IA,1993,0,1,0,1,0,0,0
ID,1993,0,0,0,0,0,0,0
IL,1993,0,1,0,1,0,0,0
IN,1993,0,1,0,0,0,0,0
KS,1993,0,1,0,1,0,0,0
KY,1993,0,0,0,0,0,0,1
LA,1993,0,0,0,0,0,0,1
MA,1993,0,0,0,0,0,0,1
MD,1993,1,0,0,0,0,0,1
ME,1993,0,0,0,0,0,0,1
MI,1993,0,0,0,0,0,0,0
MN,1993,0,1,0,1,0,0,0
MO,1993,0,1,0,1,0,0,0
MS,1993,0,0,0,0,0,0,1
MT,1993,0,0,0,0,0,0,0
NC,1993,1,0,0,0,0,0,1
ND,1993,0,1,0,1,0,0,0
NE,1993,0,1,0,1,0,0,0
NH,1993,0,0,0,0,0,0,1
NJ,1993,0,0,0,0,0,0,1
NM,1993,0,0,0,0,0,0,0
NV,1993,0,0,0,0,0,0,0
NY,1993,0,0,0,0,0,0,1
OH,1993,0,0,0,1,0,0,1
OK,1993,0,0,0,0,0,0,0
OR,1993,0,0,0,0,0,0,0
PA,1993,0,0,0,0,0,0,1
PR,1993,0,0,0,0,0,0,0
RI,1993,0,0,0,0,0,0,1
SC,1993,1,0,0,0,0,0,1
SD,1993,0,1,0,0,0,0,0
TN,1993,1,0,0,0,0,0,1
TX,1993,0,0,0,0,0,0,1
UT,1993,0,0,0,0,0,0,0
VA,1993,1,0,0,0,0,0,1
VI,1993,0,0,0,0,0,0,0
VT,1993,0,0,0,0,0,0,1
WA,1993,0,0,0,0,0,0,0
WI,1993,0,1,0,0,0,0,0
WV,1993,0,0,0,0,0,0,1
WY,1993,0,0,0,0,0,0,0
AK,1994,0,0,0,0,0,0,0
AL,1994,0,0,0,0,1,0,1
AR,1994,0,0,0,1,0,0,1
AZ,1994,0,0,0,0,0,1,0
CA,1994,0,0,0,0,0,1,0
CO,1994,0,0,0,1,0,1,0
CT,1994,0,0,0,0,0,0,2
DE,1994,0,0,0,0,0,0,2
FL,1994,0,0,0,0,1,0,0
GA,1994,0,0,0,0,1,0,1
HI,1994,0,0,0,0,0,0,0
IA,1994,0,0,0,1,0,0,0
ID,1994,0,0,0,0,0,0,0
IL,1994,0,0,0,1,0,0,1
IN,1994,0,0,0,1,0,0,1
KS,1994,0,0,0,1,0,0,0
KY,1994,0,0,0,0,0,0,2
LA,1994,0,0,0,0,0,0,1
MA,1994,0,0,0,0,0,0,2
MD,1994,0,0,0,0,0,0,2
ME,1994,0,0,0,0,0,0,1
MI,1994,0,0,0,0,0,0,0
MN,1994,0,0,0,1,0,0,0
MO,1994,0,0,0,1,0,0,0
MS,1994,0,0,0,0,0,0,1
MT,1994,0,0,0,0,0,0,0
NC,1994,0,0,0,0,0,0,2
ND,1994,0,0,0,0,0,0,0
NE,1994,0,0,0,1,0,0,0
NH,1994,0,0,0,0,0,0,1
NJ,1994,0,0,0,0,0,0,2
NM,1994,0,0,0,0,0,1,0
NV,1994,0,0,0,0,0,1,0
NY,1994,0,0,0,0,0,0,2
OH,1994,0,0,0,0,0,0,1
OK,1994,0,0,0,1,0,0,0
OR,1994,0,0,0,0,0,1,0
PA,1994,0,0,0,0,0,0,2
PR,1994,0,0,0,0,0,0,0
RI,1994,0,0,0,0,0,0,2
SC,1994,0,0,0,0,0,0,2
SD,1994,0,0,0,1,0,0,0
TN,1994,0,0,0,0,0,0,2
TX,1994,0,1,0,1,0,1,1
UT,1994,0,0,0,0,0,1,0
VA,1994,0,0,0,0,0,0,2
VI,1994,0,0,0,0,0,0,0
VT,1994,0,0,0,0,0,0,1
WA,1994,0,0,0,0,0,1,0
WI,1994,0,0,0,0,0,0,0
WV,1994,0,0,0,0,0,0,2
WY,1994,0,0,0,0,0,0,0
AK,1995,0,0,0,0,0,0,0
AL,1995,1,0,0,0,2,0,0
AR,1995,1,0,0,0,0,0,0
AZ,1995,0,0,0,0,0,0,0
CA,1995,0,1,0,0,0,0,0
CO,1995,0,0,0,0,0,0,0
CT,1995,0,0,0,0,0,0,0
DE,1995,1,0,0,0,0,0,0
FL,1995,0,0,0,0,2,0,0
GA,1995,1,0,0,0,1,0,0
HI,1995,0,0,0,0,0,0,0
IA,1995,0,0,0,0,0,0,0
ID,1995,0,0,0,0,0,0,0
IL,1995,1,0,0,1,0,0,0
IN,1995,1,0,0,0,0,0,0
KS,1995,0,0,0,0,0,0,0
KY,1995,0,0,0,0,0,0,0
LA,1995,1,0,0,1,0,0,0
MA,1995,0,0,0,0,0,0,0
MD,1995,1,0,0,0,0,0,0
ME,1995,0,0,0,0,0,0,0
MI,1995,0,0,0,0,0,0,0
MN,1995,0,0,0,0,0,0,0
MO,1995,0,0,0,1,0,0,0
MS,1995,1,0,0,1,1,0,0
MT,1995,0,0,0,0,0,0,0
NC,1995,0,0,0,0,1,0,0
ND,1995,0,0,0,0,0,0,0
NE,1995,0,0,0,0,0,0,0
NH,1995,0,0,0,0,0,0,0
NJ,1995,1,0,0,0,0,0,0
NM,1995,1,0,0,0,0,0,0
NV,1995,0,0,0,0,0,0,0
NY,1995,0,0,0,0,0,0,0
OH,1995,1,0,0,0,0,0,0
OK,1995,0,0,0,1,0,0,0
OR,1995,0,0,0,0,0,0,0
PA,1995,1,0,0,0,0,0,0
PR,1995,0,0,0,0,1,0,0
RI,1995,0,0,0,0,0,0,0
SC,1995,0,0,0,0,1,0,0
SD,1995,0,0,0,0,0,0,0
TN,1995,0,0,0,0,1,0,0
TX,1995,1,0,0,1,0,0,0
UT,1995,0,0,0,0,0,0,0
VA,1995,1,0,0,0,0,0,0
VI,1995,0,0,0,0,1,0,0
VT,1995,0,0,0,0,0,0,0
WA,1995,0,0,0,0,0,0,0
WI,1995,1,0,0,0,0,0,0
WV,1995,0,0,0,0,0,0,0
WY,1995,0,0,0,0,0,0,0
AK,1996,0,0,0,0,0,0,0
AL,1996,0,0,0,0,0,0,0
AR,1996,0,0,0,0,0,0,1
AZ,1996,0,0,0,0,0,0,0
CA,1996,0,0,0,0,0,0,0
CO,1996,1,0,0,0,0,0,0
CT,1996,0,0,0,0,0,0,1
DE,1996,0,0,0,0,0,0,1
FL,1996,0,0,0,0,0,0,0
GA,1996,0,0,0,0,0,0,0
HI,1996,0,0,0,0,0,0,0
IA,1996,0,0,0,0,0,0,0
ID,1996,0,1,0,0,0,0,0
IL,1996,0,0,0,0,0,0,0
IN,1996,0,0,0,0,0,0,0
KS,1996,1,0,0,0,0,0,0
KY,1996,0,0,0,0,0,0,1
LA,1996,0,0,0,0,0,0,0
MA,1996,0,0,0,0,0,0,1
MD,1996,0,0,0,0,1,0,1
ME,1996,0,0,0,0,0,0,0
MI,1996,0,0,0,0,0,0,0
MN,1996,0,0,0,0,0,0,0
MO,1996,0,0,0,0,0,0,1
MS,1996,0,0,0,0,0,0,0
MT,1996,0,1,0,0,0,0,0
NC,1996,0,0,0,0,1,0,1
ND,1996,0,0,0,0,0,0,0
NE,1996,0,0,0,0,0,0,0
NH,1996,0,0,0,0,0,0,0
NJ,1996,0,0,0,0,0,0,1
NM,1996,1,0,0,0,0,0,0
NV,1996,0,0,0,0,0,0,0
NY,1996,0,0,0,0,0,0,1
OH,1996,0,0,0,0,1,0,1
OK,1996,1,0,0,0,0,0,0
OR,1996,0,1,0,0,0,0,0
PA,1996,0,0,0,0,1,0,1
PR,1996,0,0,0,0,0,0,0
RI,1996,0,0,0,0,0,0,1
SC,1996,0,0,0,0,1,0,1
SD,1996,0,0,0,0,0,0,0
TN,1996,0,0,0,0,0,0,1
TX,1996,1,0,0,0,0,0,1
UT,1996,0,0,0,0,0,0,0
VA,1996,0,0,0,0,1,0,1
VI,1996,0,0,0,0,0,0,0
VT,1996,0,0,0,0,0,0,0
WA,1996,0,1,0,0,0,0,0
WI,1996,0,0,0,0,0,0,0
WV,1996,0,0,0,0,1,0,1
WY,1996,0,0,0,0,0,0,0
AK,1997,0,0,0,0,0,0,0
AL,1997,0,0,0,0,0,0,0
AR,1997,0,0,0,1,0,0,0
AZ,1997,0,0,0,0,0,0,0
CA,1997,0,1,0,0,0,0,0
CO,1997,0,0,0,0,0,0,0
CT,1997,0,0,0,1,0,0,0
DE,1997,0,0,0,0,0,0,0
FL,1997,0,0,0,0,0,0,0
GA,1997,0,0,0,1,0,0,0
HI,1997,0,0,0,0,0,0,0
IA,1997,0,0,0,0,0,0,0
ID,1997,0,1,0,0,0,0,0
IL,1997,0,0,0,0,0,0,0
IN,1997,0,0,0,0,0,0,0
KS,1997,0,0,0,0,0,0,0
KY,1997,0,0,0,1,0,0,0
LA,1997,0,0,0,0,0,0,0
MA,1997,0,0,0,1,0,0,0
MD,1997,0,0,0,0,0,0,0
ME,1997,0,0,0,1,0,0,0
MI,1997,0,0,0,0,0,0,0
MN,1997,0,1,0,0,0,0,0
MO,1997,0,0,0,0,0,0,0
MS,1997,0,0,0,1,0,0,0
MT,1997,0,1,0,0,0,0,0
NC,1997,0,0,0,1,0,0,0
ND,1997,0,1,0,0,0,0,0
NE,1997,0,0,0,0,0,0,0
NH,1997,0,0,0,1,0,0,0
NJ,1997,0,0,0,1,0,0,0
NM,1997,0,0,0,0,0,0,0
NV,1997,0,1,0,0,0,0,0
NY,1997,0,0,0,1,0,0,0
OH,1997,0,0,0,1,0,0,0
OK,1997,0,0,0,0,0,0,0
OR,1997,0,1,0,0,0,0,0
PA,1997,0,0,0,1,0,0,0
PR,1997,0,0,0,0,0,0,0
RI,1997,0,0,0,1,0,0,0
SC,1997,0,0,0,0,0,0,0
SD,1997,0,1,0,0,0,0,0
TN,1997,0,0,0,1,0,0,0
TX,1997,0,0,0,1,0,0,0
UT,1997,0,0,0,0,0,0,0
VA,1997,0,0,0,0,0,0,0
VI,1997,0,0,0,0,0,0,0
VT,1997,0,0,0,1,0,0,0
WA,1997,0,1,0,0,0,0,0
WI,1997,0,0,0,0,0,0,0
WV,1997,0,0,0,1,0,0,0
WY,1997,0,0,0,0,0,0,0
AK,1998,0,0,0,0,0,0,0
AL,1998,1,0,0,1,1,0,0
AR,1998,1,0,0,0,0,0,0
AZ,1998,0,0,0,0,0,0,0
CA,1998,0,0,1,1,0,0,0
CO,1998,0,0,0,0,0,0,0
CT,1998,0,0,0,0,0,0,0
DE,1998,0,0,0,0,0,0,0
FL,1998,1,0,0,1,1,0,0
GA,1998,1,0,0,1,0,0,0
HI,1998,0,0,0,0,0,0,0
IA,1998,0,0,0,1,0,0,0
ID,1998,0,0,0,0,0,0,0
IL,1998,0,0,0,0,0,0,0
IN,1998,0,0,0,0,0,0,0
KS,1998,0,0,0,0,0,0,0
KY,1998,0,0,0,1,0,0,0
LA,1998,1,0,0,1,2,0,0
MA,1998,0,0,0,1,0,0,0
MD,1998,0,0,0,1,0,0,0
ME,1998,0,0,0,0,0,0,1
MI,1998,0,0,0,1,0,0,0
MN,1998,0,0,0,2,0,0,0
MO,1998,0,0,0,0,0,0,0
MS,1998,1,0,0,1,1,0,0
MT,1998,0,0,0,0,0,0,0
NC,1998,1,0,0,2,1,0,0
ND,1998,0,0,0,0,0,0,0
NE,1998,0,0,0,0,0,0,0
NH,1998,0,0,0,1,0,0,1
NJ,1998,0,0,0,1,0,0,0
NM,1998,0,0,0,0,0,0,0
NV,1998,0,0,0,0,0,0,0
NY,1998,0,0,0,1,0,0,1
OH,1998,0,0,0,1,0,0,0
OK,1998,1,0,0,0,0,0,0
OR,1998,0,0,0,0,0,0,0
PA,1998,0,0,0,1,0,0,0
PR,1998,0,0,0,0,1,0,0
RI,1998,0,0,0,0,0,0,0
SC,1998,1,0,0,1,1,0,0
SD,1998,0,0,0,1,0,0,0
TN,1998,1,0,0,1,0,0,0
TX,1998,1,1,0,1,1,0,0
UT,1998,0,0,0,0,0,0,0
VA,1998,1,0,0,1,1,0,0
VI,1998,0,0,0,0,1,0,0
VT,1998,0,0,0,1,0,0,1
WA,1998,0,0,0,0,0,0,0
WI,1998,0,0,0,1,0,0,0
WV,1998,0,0,0,1,0,0,0
WY,1998,0,0,0,0,0,0,0
AK,1999,0,0,0,0,0,0,0
AL,1999,1,0,0,1,0,0,1
AR,1999,1,0,0,1,0,0,1
AZ,1999,0,0,0,0,0,0,0
CA,1999,0,0,0,0,0,0,0
CO,1999,0,0,0,0,0,0,0
CT,1999,0,0,0,0,1,0,2
DE,1999,0,0,0,0,1,0,1
FL,1999,1,0,0,1,0,0,1
GA,1999,1,0,0,1,0,0,1
HI,1999,0,0,0,0,0,0,0
IA,1999,0,0,0,0,0,0,0
ID,1999,0,0,0,0,0,0,0
IL,1999,0,0,0,1,0,0,2
IN,1999,0,0,0,1,0,0,2
KS,1999,0,0,0,1,0,0,0
KY,1999,1,0,0,1,0,0,1
LA,1999,1,0,0,1,0,0,1
MA,1999,0,0,0,0,1,0,2
MD,1999,1,0,0,0,1,0,2
ME,1999,0,0,0,0,0,0,2
MI,1999,0,0,0,0,0,0,1
MN,1999,0,0,0,0,0,0,0
MO,1999,0,0,0,1,0,0,1
MS,1999,1,0,0,1,0,0,1
MT,1999,0,0,0,0,0,0,0
NC,1999,1,0,0,1,1,0,1
ND,1999,0,0,0,0,0,0,0
NE,1999,0,0,0,1,0,0,0
NH,1999,0,0,0,0,1,0,1
NJ,1999,1,0,0,0,1,0,2
NM,1999,0,0,0,0,0,0,0
NV,1999,0,0,0,0,0,0,0
NY,1999,0,0,0,0,1,0,2
OH,1999,1,0,0,1,0,0,2
OK,1999,0,0,0,1,0,0,1
OR,1999,0,0,0,0,0,0,0
PA,1999,1,0,0,0,1,0,2
PR,1999,0,0,0,0,0,0,0
RI,1999,0,0,0,0,1,0,1
SC,1999,1,0,0,1,1,0,1
SD,1999,0,0,0,0,0,0,0
TN,1999,1,0,0,1,0,0,1
TX,1999,0,0,0,1,0,0,1
UT,1999,0,0,0,0,0,0,0
VA,1999,1,0,0,0,1,0,2
VI,1999,0,0,0,0,0,0,0
VT,1999,0,0,0,0,1,0,2
WA,1999,0,0,0,0,0,0,0
WI,1999,0,0,0,0,0,0,0
WV,1999,1,0,0,0,0,0,2
WY,1999,0,0,0,0,0,0,0
AK,2000,0,0,0,0,0,0,0
AL,2000,1,0,0,0,0,0,1
AR,2000,1,0,0,0,0,0,0
AZ,2000,1,0,0,0,0,0,0
CA,2000,1,0,0,0,0,0,0
CO,2000,1,0,0,0,0,1,0
CT,2000,0,0,0,0,0,0,0
DE,2000,0,0,0,0,0,0,0
FL,2000,1,1,0,0,0,0,0
GA,2000,1,0,0,0,0,0,1
HI,2000,0,0,0,0,0,0,0
IA,2000,1,0,0,0,0,0,0
ID,2000,0,0,0,0,0,1,0
IL,2000,0,0,0,0,0,0,0
IN,2000,0,0,0,0,0,0,0
KS,2000,1,0,0,0,0,0,0
KY,2000,0,0,0,0,0,0,0
LA,2000,1,0,0,0,0,0,1
MA,2000,0,0,0,0,0,0,0
MD,2000,0,0,0,0,0,0,0
ME,2000,0,0,0,0,0,0,0
MI,2000,0,0,0,0,0,0,0
MN,2000,0,0,0,0,0,0,0
MO,2000,0,0,0,0,0,0,0
MS,2000,1,0,0,0,0,0,0
MT,2000,1,0,0,0,0,1,0
NC,2000,0,0,0,0,0,0,1
ND,2000,0,0,0,0,0,0,0
NE,2000,1,0,0,0,0,0,0
NH,2000,0,0,0,0,0,0,0
NJ,2000,0,0,0,0,0,0,0
NM,2000,1,0,0,0,0,1,0
NV,2000,0,0,0,0,0,0,0
NY,2000,0,0,0,0,0,0,0
OH,2000,0,0,0,0,0,0,0
OK,2000,1,0,0,0,0,0,0
OR,2000,1,0,0,0,0,0,0
PA,2000,0,0,0,0,0,0,0
PR,2000,0,0,0,0,0,0,0
RI,2000,0,0,0,0,0,0,0
SC,2000,1,0,0,0,0,0,1
SD,2000,0,0,0,0,0,0,0
TN,2000,1,0,0,0,0,0,1
TX,2000,1,0,0,0,0,0,0
UT,2000,0,0,0,0,0,0,0
VA,2000,0,0,0,0,0,0,1
VI,2000,0,0,0,0,0,0,0
VT,2000,0,0,0,0,0,0,0
WA,2000,0,0,0,0,0,1,0
WI,2000,0,0,0,0,0,0,0
WV,2000,0,0,0,0,0,0,0
WY,2000,0,0,0,0,0,1,0
AK,2001,0,0,0,0,0,0,0
AL,2001,0,0,0,0,0,0,0
AR,2001,0,0,0,1,0,0,0
AZ,2001,0,0,0,0,0,0,0
CA,2001,0,0,0,0,0,0,0
CO,2001,0,0,0,1,0,0,0
CT,2001,0,0,0,0,0,0,0
DE,2001,0,0,0,0,0,0,0
FL,2001,0,0,0,0,1,0,0
GA,2001,0,0,0,0,0,0,0
HI,2001,0,0,0,0,0,0,0
IA,2001,0,0,0,1,0,0,0
ID,2001,0,0,0,0,0,0,0
IL,2001,0,0,0,1,0,0,0
IN,2001,0,0,0,1,0,0,0
KS,2001,0,0,0,1,0,0,0
KY,2001,0,0,0,1,0,0,0
LA,2001,0,0,0,0,1,0,0
MA,2001,0,0,0,0,0,0,0
MD,2001,0,0,0,0,0,0,0
ME,2001,0,0,0,0,0,0,0
MI,2001,0,0,0,1,0,0,0
MN,2001,0,0,0,1,0,0,0
MO,2001,0,0,0,1,0,0,0
MS,2001,0,0,0,0,1,0,0
MT,2001,0,0,0,0,0,0,0
NC,2001,0,0,0,0,0,0,0
ND,2001,0,0,0,0,0,0,0
NE,2001,0,0,0,1,0,0,0
NH,2001,0,0,0,0,0,0,0
NJ,2001,0,0,0,0,1,0,0
NM,2001,0,0,0,0,0,0,0
NV,2001,0,0,0,0,0,0,0
NY,2001,0,0,0,0,0,0,0
OH,2001,0,0,0,1,0,0,0
OK,2001,0,0,0,1,0,0,0
OR,2001,0,0,0,0,0,0,0
PA,2001,0,0,0,1,1,0,0
PR,2001,0,0,0,0,0,0,0
RI,2001,0,0,0,0,0,0,0
SC,2001,0,0,0,0,0,0,0
SD,2001,0,0,0,0,0,0,0
TN,2001,0,0,0,0,0,0,0
TX,2001,0,0,0,1,1,0,0
UT,2001,0,0,0,0,0,0,0
VA,2001,0,0,0,0,0,0,0
VI,2001,0,0,0,0,0,0,0
VT,2001,0,0,0,0,0,0,0
WA,2001,0,0,0,0,0,0,0
WI,2001,0,0,0,1,0,0,0
WV,2001,0,0,0,0,0,0,0
WY,2001,0,0,0,0,0,0,0
AK,2002,0,0,0,0,0,1,0
AL,2002,0,0,0,1,1,1,0
AR,2002,0,0,0,1,0,0,0
AZ,2002,1,0,0,0,0,1,0
CA,2002,1,0,0,0,0,1,0
CO,2002,1,0,0,0,0,1,0
CT,2002,0,0,0,0,0,0,0
DE,2002,1,0,0,0,0,0,0
FL,2002,0,0,0,0,1,0,0
GA,2002,1,0,0,2,0,1,0
HI,2002,0,0,0,0,0,0,0
IA,2002,0,0,0,0,0,0,0
ID,2002,1,0,0,0,0,0,0
IL,2002,1,0,0,1,0,0,0
IN,2002,1,0,0,1,0,0,0
KS,2002,1,0,0,1,0,0,0
KY,2002,1,0,0,2,0,0,0
LA,2002,1,0,0,0,2,0,0
MA,2002,0,0,0,0,0,0,0
MD,2002,1,0,0,1,0,0,0
ME,2002,0,0,0,0,0,0,0
MI,2002,0,0,0,0,0,0,0
MN,2002,0,0,0,0,0,0,0
MO,2002,1,0,0,1,0,0,0
MS,2002,0,0,0,2,2,0,0
MT,2002,1,0,0,0,0,0,0
NC,2002,1,0,0,1,0,0,0
ND,2002,1,0,0,0,0,0,0
NE,2002,1,0,0,0,0,0,0
NH,2002,0,0,0,0,0,0,0
NJ,2002,1,0,0,0,0,0,0
NM,2002,1,0,0,0,0,1,0
NV,2002,1,0,0,0,0,1,0
NY,2002,1,0,0,1,0,0,0
OH,2002,1,0,0,2,0,0,0
OK,2002,1,0,0,0,0,0,0
OR,2002,1,0,0,0,0,1,0
PA,2002,1,0,0,2,0,0,0
PR,2002,0,0,0,0,0,0,0
RI,2002,0,0,0,0,0,0,0
SC,2002,1,0,0,0,0,0,0
SD,2002,1,0,0,0,0,0,0
TN,2002,1,0,0,2,0,0,0
TX,2002,1,0,0,1,0,0,0
UT,2002,1,0,0,0,0,1,0
VA,2002,1,0,0,1,0,0,0
VI,2002,0,0,0,0,0,0,0
VT,2002,0,0,0,0,0,0,0
WA,2002,0,0,0,0,0,0,0
WI,2002,0,0,0,0,0,0,0
WV,2002,1,0,0,1,0,0,0
WY,2002,1,0,0,0,0,0,0
AK,2003,0,0,0,0,0,1,0
AL,2003,0,0,0,3,0,0,0
AR,2003,0,0,0,2,0,0,0
AZ,2003,1,0,0,0,0,1,0
CA,2003,0,0,0,0,0,1,0
CO,2003,1,0,0,1,0,0,0
CT,2003,0,0,0,0,0,0,0
DE,2003,0,0,0,0,1,0,0
FL,2003,0,0,0,1,0,0,0
GA,2003,0,0,0,2,0,0,0
HI,2003,0,0,0,0,0,0,0
IA,2003,1,0,0,2,0,0,0
ID,2003,1,0,0,0,0,1,0
IL,2003,1,0,0,4,0,0,0
IN,2003,0,0,0,4,0,0,0
KS,2003,1,0,0,1,0,0,0
KY,2003,0,0,0,2,0,0,0
LA,2003,0,0,0,1,0,0,0
MA,2003,0,0,0,0,0,0,0
MD,2003,0,0,0,0,1,0,0
ME,2003,0,0,0,0,0,0,0
MI,2003,1,0,0,3,0,0,0
MN,2003,1,0,0,1,0,1,0
MO,2003,1,0,0,2,0,0,0
MS,2003,0,0,0,3,0,0,0
MT,2003,1,0,0,0,0,1,0
NC,2003,0,0,0,1,1,0,0
ND,2003,1,0,0,0,0,0,0
NE,2003,1,0,0,1,0,0,0
NH,2003,0,0,0,0,0,0,0
NJ,2003,0,0,0,0,1,0,0
NM,2003,1,0,0,0,0,0,0
NV,2003,1,0,0,0,0,0,0
NY,2003,0,0,0,2,1,0,0
OH,2003,0,0,0,3,0,0,0
OK,2003,0,0,0,1,0,1,0
OR,2003,1,0,0,0,0,1,0
PA,2003,0,0,0,1,1,0,0
PR,2003,0,0,0,0,0,0,0
RI,2003,0,0,0,0,0,0,0
SC,2003,0,0,0,2,0,0,0
SD,2003,1,0,0,1,0,0,0
TN,2003,0,0,0,3,0,0,0
TX,2003,0,0,0,1,0,0,0
UT,2003,1,0,0,0,0,1,0
VA,2003,0,0,0,1,1,0,0
VI,2003,0,0,0,0,0,0,0
VT,2003,0,0,0,0,0,0,0
WA,2003,1,0,0,0,0,1,0
WI,2003,1,0,0,0,0,0,0
WV,2003,0,0,0,1,1,0,0
WY,2003,1,0,0,0,0,0,0
AK,2004,0,0,0,0,0,0,0
AL,2004,0,0,0,0,1,0,0
AR,2004,0,0,0,0,0,0,0
AZ,2004,0,0,0,0,0,0,0
CA,2004,0,0,0,0,0,0,0
CO,2004,0,0,0,0,0,0,0
CT,2004,0,0,0,0,0,0,0
DE,2004,0,0,0,0,2,0,0
FL,2004,0,0,0,0,4,0,0
GA,2004,0,0,0,0,3,0,0
HI,2004,0,0,0,0,0,0,0
IA,2004,0,0,0,1,0,0,0
ID,2004,0,0,0,0,0,0,0
IL,2004,0,0,0,1,0,0,0
IN,2004,0,0,0,1,0,0,0
KS,2004,0,0,0,0,0,0,0
KY,2004,0,0,0,1,1,0,0
LA,2004,0,0,0,0,1,0,0
MA,2004,0,0,0,0,0,0,0
MD,2004,0,0,0,0,2,0,0
ME,2004,0,0,0,0,0,0,0
MI,2004,0,0,0,1,0,0,0
MN,2004,0,0,0,0,0,0,0
MO,2004,0,0,0,1,0,0,0
MS,2004,0,0,0,0,1,0,0
MT,2004,0,0,0,0,0,0,0
NC,2004,0,0,0,1,4,0,0
ND,2004,0,0,0,0,0,0,0
NE,2004,0,0,0,1,0,0,0
NH,2004,0,0,0,0,0,0,0
NJ,2004,0,0,0,0,2,0,0
NM,2004,0,0,0,0,0,0,0
NV,2004,0,0,0,0,0,0,0
NY,2004,0,0,0,1,3,0,0
OH,2004,0,0,0,1,1,0,0
OK,2004,0,0,0,1,0,0,0
OR,2004,0,0,0,0,0,0,0
PA,2004,0,0,0,0,2,0,0
PR,2004,0,0,0,0,1,0,0
RI,2004,0,0,0,0,0,0,0
SC,2004,0,0,0,0,3,0,0
SD,2004,0,0,0,0,0,0,0
TN,2004,0,0,0,0,1,0,0
TX,2004,0,0,0,0,0,0,0
UT,2004,0,0,0,0,0,0,0
VA,2004,0,0,0,0,2,0,0
VI,2004,0,0,0,0,0,0,0
VT,2004,0,0,0,0,0,0,0
WA,2004,0,0,0,0,0,0,0
WI,2004,0,0,0,1,0,0,0
WV,2004,0,0,0,0,1,0,0
WY,2004,0,0,0,0,0,0,0
AK,2005,0,0,0,0,0,0,0
AL,2005,0,0,0,1,3,0,0
AR,2005,1,0,0,0,1,0,0
AZ,2005,0,0,0,0,0,0,0
CA,2005,0,0,0,0,0,0,0
CO,2005,0,0,0,0,0,0,0
CT,2005,0,0,0,0,0,0,0
DE,2005,0,0,0,0,0,0,0
FL,2005,0,0,0,1,4,0,0
GA,2005,0,0,0,1,2,0,0
HI,2005,0,0,0,0,0,0,0
IA,2005,1,0,0,0,0,0,0
ID,2005,0,0,0,0,0,0,0
IL,2005,1,0,0,0,0,0,0
IN,2005,0,0,0,0,0,0,0
KS,2005,0,0,0,0,0,0,0
KY,2005,0,0,0,0,1,0,0
LA,2005,0,0,0,0,2,0,0
MA,2005,0,0,0,0,0,0,0
MD,2005,0,0,0,0,0,0,0
ME,2005,0,0,0,0,0,0,0
MI,2005,0,0,0,0,0,0,0
MN,2005,0,0,0,0,0,0,0
MO,2005,1,0,0,0,0,0,0
MS,2005,0,0,0,1,3,0,0
MT,2005,0,0,0,0,0,0,0
NC,2005,0,0,0,1,0,0,0
ND,2005,0,0,0,0,0,0,0
NE,2005,0,0,0,0,0,0,0
NH,2005,0,0,0,0,0,0,0
NJ,2005,0,0,0,0,0,0,0
NM,2005,0,0,0,0,0,0,0
NV,2005,0,0,0,0,0,0,0
NY,2005,0,0,0,0,0,0,0
OH,2005,1,0,0,0,0,0,0
OK,2005,0,0,0,0,0,0,0
OR,2005,1,0,0,0,0,0,0
PA,2005,0,0,0,0,0,0,0
PR,2005,0,0,0,0,0,0,0
RI,2005,0,0,0,0,0,0,0
SC,2005,0,0,0,0,0,0,0
SD,2005,1,0,0,0,0,0,0
TN,2005,0,0,0,0,1,0,0
TX,2005,0,0,0,1,1,0,0
UT,2005,0,0,0,0,0,0,0
VA,2005,0,0,0,1,0,0,0
VI,2005,0,0,0,0,0,0,0
VT,2005,0,0,0,0,0,0,0
WA,2005,1,0,0,0,0,0,0
WI,2005,1,0,0,0,0,0,0
WV,2005,0,0,0,0,0,0,0
WY,2005,0,0,0,0,0,0,0
AK,2006,0,0,0,0,0,1,0
AL,2006,1,0,0,2,0,0,0
AR,2006,1,0,0,1,0,0,0
AZ,2006,1,0,0,0,0,1,0
CA,2006,0,0,0,0,0,1,0
CO,2006,1,0,0,0,0,0,0
CT,2006,0,0,0,0,0,0,0
DE,2006,0,1,0,0,0,0,0
FL,2006,1,0,0,0,0,1,0
GA,2006,1,0,0,1,0,0,0
HI,2006,0,0,0,0,0,0,0
IA,2006,1,0,0,1,0,0,0
ID,2006,0,0,0,0,0,1,0
IL,2006,0,0,0,3,0,0,0
IN,2006,0,0,0,4,0,0,0
KS,2006,1,0,0,2,0,0,0
KY,2006,0,0,0,2,0,0,0
LA,2006,1,0,0,0,0,0,0
MA,2006,0,0,0,0,0,0,0
MD,2006,0,1,0,0,0,0,0
ME,2006,0,0,0,0,0,0,0
MI,2006,0,0,0,1,0,0,0
MN,2006,1,0,0,1,0,0,0
MO,2006,1,0,0,1,0,0,0
MS,2006,1,0,0,1,0,1,0
MT,2006,1,0,0,0,0,1,0
NC,2006,0,0,0,0,0,0,0
ND,2006,1,0,0,0,0,0,0
NE,2006,1,0,0,1,0,0,0
NH,2006,0,0,0,0,0,0,0
NJ,2006,0,1,0,0,0,0,0
NM,2006,1,0,0,0,0,1,0
NV,2006,0,0,0,0,0,1,0
NY,2006,0,1,0,0,0,0,0
OH,2006,0,0,0,2,0,0,0
OK,2006,1,0,0,1,0,1,0
OR,2006,0,0,0,0,0,1,0
PA,2006,0,1,0,0,0,0,0
PR,2006,0,0,0,0,0,0,0
RI,2006,0,0,0,0,0,0,0
SC,2006,0,0,0,0,0,0,0
SD,2006,1,0,0,0,0,1,0
TN,2006,0,0,0,2,0,0,0
TX,2006,1,0,0,1,0,1,0
UT,2006,0,0,0,0,0,1,0
VA,2006,0,1,0,0,0,0,0
VI,2006,0,0,0,0,0,0,0
VT,2006,0,0,0,0,0,0,0
WA,2006,0,0,0,0,0,1,0
WI,2006,0,0,0,2,0,0,0
WV,2006,0,0,0,0,0,0,0
WY,2006,1,0,0,0,0,1,0
AK,2007,0,0,0,0,0,1,0
AL,2007,1,0,1,0,0,0,0
AR,2007,1,0,1,0,0,0,0
AZ,2007,1,0,0,0,0,1,0
CA,2007,1,0,1,0,0,1,0
CO,2007,0,0,0,0,0,0,0
CT,2007,0,0,0,1,0,0,0
DE,2007,1,0,0,1,0,0,0
FL,2007,1,0,0,0,0,1,0
GA,2007,1,0,1,1,0,1,0
HI,2007,0,0,0,0,0,0,0
IA,2007,0,0,1,0,0,0,0
ID,2007,1,0,0,0,0,1,0
IL,2007,0,0,1,0,0,0,0
IN,2007,1,0,1,0,0,0,0
KS,2007,0,0,1,0,0,0,0
KY,2007,1,0,1,0,0,0,0
LA,2007,0,0,0,1,0,0,0
MA,2007,0,0,0,1,0,0,0
MD,2007,1,0,0,1,0,0,0
ME,2007,0,0,0,1,0,0,0
MI,2007,1,0,0,0,0,0,0
MN,2007,1,0,0,0,0,1,0
MO,2007,0,0,1,0,0,0,0
MS,2007,1,0,1,1,0,0,0
MT,2007,0,0,0,0,0,1,0
NC,2007,1,0,1,1,0,0,0
ND,2007,0,0,0,0,0,0,0
NE,2007,0,0,1,0,0,0,0
NH,2007,0,0,0,1,0,0,0
NJ,2007,1,0,0,1,0,0,0
NM,2007,0,0,0,0,0,0,0
NV,2007,1,0,0,0,0,1,0
NY,2007,1,0,0,1,0,0,0
OH,2007,1,0,1,0,0,0,0
OK,2007,0,0,1,0,0,0,0
OR,2007,1,0,0,0,0,1,0
PA,2007,1,0,0,1,0,0,0
PR,2007,0,0,0,0,0,0,0
RI,2007,0,0,0,1,0,0,0
SC,2007,1,0,1,1,0,0,0
SD,2007,0,0,0,0,0,0,0
TN,2007,1,0,1,0,0,0,0
TX,2007,0,0,0,1,0,0,0
UT,2007,1,0,0,0,0,1,0
VA,2007,1,0,1,1,0,0,0
VI,2007,0,0,0,0,0,0,0
VT,2007,0,0,0,1,0,0,0
WA,2007,0,0,0,0,0,1,0
WI,2007,1,0,0,0,0,0,0
WV,2007,1,0,1,0,0,0,0
WY,2007,1,0,0,0,0,0,0
AK,2008,0,0,0,0,0,0,0
AL,2008,1,0,0,1,2,0,0
AR,2008,1,0,0,3,2,0,0
AZ,2008,0,0,0,0,0,1,0
CA,2008,1,0,0,1,0,1,0
CO,2008,1,0,0,1,0,1,0
CT,2008,0,0,0,1,0,0,0
DE,2008,0,0,0,0,0,0,0
FL,2008,0,0,0,0,0,1,0
GA,2008,1,0,0,1,0,0,0
HI,2008,0,0,0,0,0,0,0
IA,2008,0,1,0,2,0,0,0
ID,2008,1,0,0,0,0,1,0
IL,2008,0,1,0,3,1,0,0
IN,2008,1,1,0,4,1,0,0
KS,2008,1,1,0,3,0,0,0
KY,2008,1,0,0,1,1,0,0
LA,2008,0,0,0,0,2,0,0
MA,2008,0,0,0,0,0,0,0
MD,2008,1,0,0,0,0,0,0
ME,2008,0,0,0,0,0,0,0
MI,2008,0,1,0,2,0,0,0
MN,2008,1,1,0,2,0,0,0
MO,2008,0,1,0,2,1,0,0
MS,2008,1,0,0,1,1,0,0
MT,2008,1,0,0,0,0,1,0
NC,2008,1,0,0,0,0,1,0
ND,2008,1,0,0,0,0,0,0
NE,2008,0,1,0,2,0,0,0
NH,2008,0,0,0,0,0,0,0
NJ,2008,1,0,0,1,0,0,0
NM,2008,1,0,0,0,1,1,0
NV,2008,0,0,0,0,0,1,0
NY,2008,0,0,0,2,0,0,0
OH,2008,1,0,0,2,1,0,0
OK,2008,1,1,0,4,0,1,0
OR,2008,1,0,0,1,0,1,0
PA,2008,0,0,0,1,1,0,0
PR,2008,0,0,0,0,0,0,0
RI,2008,0,0,0,0,0,0,0
SC,2008,1,0,0,1,0,0,0
SD,2008,0,0,0,0,0,0,0
TN,2008,1,0,0,1,0,0,0
TX,2008,1,0,0,2,2,1,0
UT,2008,0,0,0,0,0,1,0
VA,2008,1,0,0,0,0,0,0
VI,2008,0,0,0,0,0,0,0
VT,2008,0,0,0,0,0,0,0
WA,2008,1,0,0,1,0,1,0
WI,2008,1,1,0,2,0,0,0
WV,2008,0,0,0,0,0,0,0
WY,2008,0,0,0,1,0,0,0
AK,2009,0,0,0,0,0,1,0
AL,2009,0,0,0,3,0,0,0
AR,2009,0,0,0,2,0,0,0
AZ,2009,0,0,0,0,0,1,0
CA,2009,1,0,0,0,0,1,0
CO,2009,0,0,0,1,0,1,0
CT,2009,0,0,0,0,0,0,0
DE,2009,0,0,0,0,0,0,0
FL,2009,0,0,0,0,0,0,0
GA,2009,0,0,0,2,0,0,0
HI,2009,0,0,0,0,0,0,0
IA,2009,0,0,0,1,0,0,0
ID,2009,1,0,0,0,0,0,0
IL,2009,0,0,0,1,0,0,0
IN,2009,0,0,0,0,0,0,0
KS,2009,1,0,0,3,0,0,0
KY,2009,0,0,0,5,0,0,0
LA,2009,1,0,0,1,0,0,0
MA,2009,0,0,0,0,0,0,0
MD,2009,0,0,0,1,0,0,0
ME,2009,0,0,0,0,0,0,0
MI,2009,0,0,0,0,0,0,0
MN,2009,0,0,0,0,0,0,0
MO,2009,0,0,0,3,0,0,0
MS,2009,0,0,0,2,0,0,0
MT,2009,0,0,0,0,0,0,0
NC,2009,1,0,0,1,0,0,0
ND,2009,0,0,0,0,0,0,0
NE,2009,0,0,0,2,0,0,0
NH,2009,0,0,0,0,0,0,0
NJ,2009,0,0,0,0,0,0,0
NM,2009,1,0,0,0,0,1,0
NV,2009,0,0,0,0,0,0,0
NY,2009,0,0,0,0,0,0,0
OH,2009,0,0,0,1,0,0,0
OK,2009,1,0,0,3,0,1,0
OR,2009,1,0,0,0,0,0,0
PA,2009,0,0,0,2,0,0,0
PR,2009,0,0,0,0,0,0,0
RI,2009,0,0,0,0,0,0,0
SC,2009,0,0,0,2,0,0,0
SD,2009,0,0,0,0,0,0,0
TN,2009,0,0,0,5,0,0,0
TX,2009,1,0,0,4,0,1,0
UT,2009,0,0,0,0,0,0,0
VA,2009,0,0,0,1,0,0,0
VI,2009,0,0,0,0,0,0,0
VT,2009,0,0,0,0,0,0,0
WA,2009,1,0,0,0,0,0,0
WI,2009,0,0,0,0,0,0,0
WV,2009,0,0,0,1,0,0,0
WY,2009,0,0,0,0,0,0,0
AK,2010,0,0,0,0,0,0,0
AL,2010,0,0,0,0,0,0,0
AR,2010,0,1,0,0,0,0,0
AZ,2010,0,0,0,1,0,0,0
CA,2010,0,0,0,0,0,0,0
CO,2010,0,0,0,1,0,0,0
CT,2010,0,1,0,0,0,0,0
DE,2010,0,0,0,0,0,0,0
FL,2010,0,0,0,0,0,0,0
GA,2010,0,1,0,1,0,0,0
HI,2010,0,0,0,0,0,0,0
IA,2010,0,0,0,1,0,0,0
ID,2010,0,0,0,0,0,0,0
IL,2010,0,0,0,3,0,0,0
IN,2010,0,0,0,1,0,0,0
KS,2010,0,0,0,2,0,0,0
KY,2010,0,1,0,0,0,0,0
LA,2010,0,0,0,0,0,0,0
MA,2010,0,1,0,0,0,0,0
MD,2010,0,0,0,2,0,0,0
ME,2010,0,0,0,0,0,0,0
MI,2010,0,0,0,0,0,0,0
MN,2010,0,0,0,0,0,0,0
MO,2010,0,0,0,0,0,0,0
MS,2010,0,0,0,0,0,0,0
MT,2010,0,0,0,0,0,0,0
NC,2010,0,0,0,1,0,0,0
ND,2010,0,0,0,0,0,0,0
NE,2010,0,0,0,0,0,0,0
NH,2010,0,0,0,0,0,0,0
NJ,2010,0,1,0,0,0,0,0
NM,2010,0,0,0,1,0,0,0
NV,2010,0,0,0,0,0,0,0
NY,2010,0,1,0,1,0,0,0
OH,2010,0,0,0,0,0,0,0
OK,2010,0,0,0,2,0,0,0
OR,2010,0,0,0,0,0,0,0
PA,2010,0,1,0,2,0,0,0
PR,2010,0,0,0,0,0,0,0
RI,2010,0,1,0,0,0,0,0
SC,2010,0,0,0,1,0,0,0
SD,2010,0,0,0,0,0,0,0
TN,2010,0,1,0,0,0,0,0
TX,2010,0,0,0,1,0,0,0
UT,2010,0,0,0,0,0,0,0
VA,2010,0,0,0,0,0,0,0
VI,2010,0,0,0,0,0,0,0
VT,2010,0,0,0,0,0,0,0
WA,2010,0,0,0,0,0,0,0
WI,2010,0,0,0,1,0,0,0
WV,2010,0,0,0,0,0,0,0
WY,2010,0,0,0,0,0,0,0
AK,2011,0,0,0,0,0,0,0
AL,2011,1,0,0,3,1,0,0
AR,2011,1,1,0,4,0,0,0
AZ,2011,1,0,0,0,0,1,0
CA,2011,0,0,0,0,0,0,0
CO,2011,1,0,0,1,0,1,0
CT,2011,0,0,0,0,2,0,1
DE,2011,1,0,0,0,0,0,0
FL,2011,1,0,0,0,0,1,0
GA,2011,1,0,0,5,1,0,0
HI,2011,0,0,0,0,0,0,0
IA,2011,1,2,0,4,0,0,0
ID,2011,0,0,0,0,0,1,0
IL,2011,1,0,0,6,0,0,1
IN,2011,1,0,0,3,0,0,1
KS,2011,1,1,0,5,0,0,0
KY,2011,1,0,0,4,0,0,0
LA,2011,1,1,0,1,1,0,0
MA,2011,0,0,0,0,1,0,1
MD,2011,1,0,0,0,2,0,0
ME,2011,0,0,0,0,0,0,0
MI,2011,0,0,0,2,0,0,0
MN,2011,0,0,0,2,0,0,0
MO,2011,1,2,0,6,0,0,0
MS,2011,1,1,0,2,1,0,0
MT,2011,0,1,0,0,0,1,0
NC,2011,1,0,0,4,1,0,0
ND,2011,0,1,0,0,0,0,0
NE,2011,0,1,0,2,0,0,0
NH,2011,0,0,0,0,1,0,0
NJ,2011,0,0,0,0,2,0,0
NM,2011,1,0,0,0,0,1,0
NV,2011,0,0,0,0,0,1,0
NY,2011,0,0,0,0,2,0,1
OH,2011,0,0,0,4,0,0,1
OK,2011,1,0,0,5,0,1,1
OR,2011,0,0,0,0,0,1,0
PA,2011,1,0,0,2,1,0,1
PR,2011,0,0,0,0,0,0,0
RI,2011,0,0,0,0,1,0,1
SC,2011,1,0,0,4,0,0,0
SD,2011,0,1,0,1,0,0,0
TN,2011,1,1,0,6,1,0,0
TX,2011,1,0,0,6,0,1,1
UT,2011,0,0,0,0,0,0,0
VA,2011,1,0,0,3,2,0,0
VI,2011,0,0,0,0,0,0,0
VT,2011,0,0,0,0,1,0,0
WA,2011,0,0,0,0,0,0,0
WI,2011,0,0,0,3,0,0,0
WV,2011,1,0,0,0,0,0,0
WY,2011,0,0,0,1,0,0,0
AK,2012,0,0,0,0,0,0,0
AL,2012,1,0,0,1,1,0,0
AR,2012,1,0,0,0,0,0,0
AZ,2012,1,0,0,0,0,1,0
CA,2012,1,0,0,0,0,1,0
CO,2012,1,0,0,1,0,1,0
CT,2012,0,0,0,0,1,0,0
DE,2012,1,0,0,0,1,0,0
FL,2012,0,0,0,0,1,0,0
GA,2012,1,0,0,1,0,0,0
HI,2012,0,0,0,0,0,0,0
IA,2012,1,0,0,1,0,0,0
ID,2012,1,0,0,0,0,1,0
IL,2012,1,0,0,2,0,0,0
IN,2012,1,0,0,3,0,0,0
KS,2012,1,0,0,2,0,0,0
KY,2012,1,0,0,3,0,0,0
LA,2012,0,0,0,0,1,0,0
MA,2012,0,0,0,0,1,0,0
MD,2012,1,0,0,1,1,0,0
ME,2012,0,0,0,0,0,0,0
MI,2012,1,0,0,0,0,0,0
MN,2012,1,0,0,1,0,0,0
MO,2012,1,0,0,1,0,0,0
MS,2012,1,0,0,0,1,0,0
MT,2012,1,0,0,0,0,1,0
NC,2012,0,0,0,1,1,0,0
ND,2012,1,0,0,0,0,0,0
NE,2012,1,0,0,1,0,1,0
NH,2012,0,0,0,0,1,0,0
NJ,2012,1,0,0,1,1,0,0
NM,2012,1,0,0,1,0,1,0
NV,2012,1,0,0,0,0,1,0
NY,2012,1,0,0,1,1,0,0
OH,2012,1,0,0,2,1,0,0
OK,2012,1,0,0,2,0,1,0
OR,2012,0,0,0,0,0,1,0
PA,2012,1,0,0,1,1,0,0
PR,2012,0,0,0,0,0,0,0
RI,2012,0,0,0,0,1,0,0
SC,2012,0,0,0,1,0,0,0
SD,2012,1,0,0,0,0,1,0
TN,2012,1,0,0,1,0,0,0
TX,2012,1,0,0,4,0,1,0
UT,2012,1,0,0,0,0,1,0
VA,2012,1,0,0,1,1,0,0
VI,2012,0,0,0,0,0,0,0
VT,2012,0,0,0,0,0,0,0
WA,2012,0,0,0,0,0,1,0
WI,2012,1,0,0,0,0,0,0
WV,2012,0,0,0,1,1,0,0
WY,2012,1,0,0,0,0,1,0
AK,2013,0,0,0,0,0,0,0
AL,2013,0,0,0,1,0,0,0
AR,2013,0,0,0,0,0,0,0
AZ,2013,1,0,0,0,0,0,0
CA,2013,1,0,0,0,0,0,0
CO,2013,1,1,0,0,0,0,0
CT,2013,0,0,0,0,0,0,0
DE,2013,0,0,0,0,0,0,0
FL,2013,0,0,0,0,0,0,0
GA,2013,0,0,0,2,0,0,0
HI,2013,0,0,0,0,0,0,0
IA,2013,1,0,0,1,0,0,0
ID,2013,1,0,0,0,0,0,0
IL,2013,1,1,0,3,0,0,0
IN,2013,0,1,0,3,0,0,0
KS,2013,1,0,0,3,0,0,0
KY,2013,0,0,0,1,0,0,0
LA,2013,0,0,0,0,0,0,0
MA,2013,0,0,0,0,0,0,0
MD,2013,0,0,0,0,0,0,0
ME,2013,0,0,0,0,0,0,0
MI,2013,1,0,0,1,0,0,0
MN,2013,1,0,0,1,0,0,0
MO,2013,1,1,0,4,0,0,0
MS,2013,0,0,0,1,0,0,0
MT,2013,0,0,0,0,0,0,0
NC,2013,0,0,0,0,0,0,0
ND,2013,1,0,0,0,0,0,0
NE,2013,1,0,0,1,0,0,0
NH,2013,0,0,0,0,0,0,0
NJ,2013,0,0,0,0,0,0,0
NM,2013,1,0,0,0,0,0,0
NV,2013,1,0,0,0,0,0,0
NY,2013,0,0,0,2,0,0,0
OH,2013,0,0,0,1,0,0,0
OK,2013,1,0,0,2,0,0,0
OR,2013,1,0,0,0,0,0,0
PA,2013,0,0,0,0,0,0,0
PR,2013,0,0,0,0,0,0,0
RI,2013,0,0,0,0,0,0,0
SC,2013,0,0,0,0,0,0,0
SD,2013,1,0,0,0,0,0,0
TN,2013,0,0,0,1,0,0,0
TX,2013,1,0,0,2,0,0,0
UT,2013,1,0,0,0,0,0,0
VA,2013,0,0,0,0,0,0,0
VI,2013,0,0,0,0,0,0,0
VT,2013,0,0,0,0,0,0,0
WA,2013,1,0,0,0,0,0,0
WI,2013,1,0,0,1,0,0,0
WV,2013,0,0,0,0,0,0,0
WY,2013,1,0,0,0,0,0,0
AK,2014,0,0,0,0,0,0,0
AL,2014,0,0,0,1,0,0,1
AR,2014,0,0,0,2,0,0,0
AZ,2014,1,0,0,0,0,0,0
CA,2014,1,0,0,0,0,0,0
CO,2014,1,0,0,2,0,0,0
CT,2014,0,0,0,0,0,0,0
DE,2014,0,0,0,2,0,0,0
FL,2014,0,0,0,1,0,0,0
GA,2014,0,0,0,1,0,0,1
HI,2014,0,0,0,0,0,0,0
IA,2014,0,0,0,2,0,0,0
ID,2014,1,0,0,0,0,0,0
IL,2014,0,0,0,2,0,0,1
IN,2014,0,0,0,1,0,0,1
KS,2014,1,0,0,4,0,0,0
KY,2014,0,0,0,0,0,0,1
LA,2014,0,0,0,0,0,0,0
MA,2014,0,0,0,0,0,0,0
MD,2014,0,1,0,1,0,0,1
ME,2014,0,0,0,0,0,0,0
MI,2014,0,1,0,0,0,0,1
MN,2014,0,0,0,0,0,0,0
MO,2014,0,0,0,2,0,0,1
MS,2014,0,0,0,1,0,0,1
MT,2014,0,0,0,1,0,0,0
NC,2014,0,0,0,1,0,0,1
ND,2014,0,0,0,0,0,0,0
NE,2014,0,0,0,1,0,0,0
NH,2014,0,0,0,0,0,0,0
NJ,2014,0,0,0,1,0,0,1
NM,2014,1,0,0,0,0,0,0
NV,2014,1,0,0,0,0,0,0
NY,2014,0,1,0,2,0,0,1
OH,2014,0,0,0,1,0,0,1
OK,2014,1,0,0,0,0,0,0
OR,2014,1,0,0,0,0,0,0
PA,2014,0,0,0,2,0,0,1
PR,2014,0,0,0,0,0,0,0
RI,2014,0,0,0,0,0,0,0
SC,2014,0,0,0,1,0,0,1
SD,2014,0,0,0,1,0,0,0
TN,2014,0,0,0,1,0,0,1
TX,2014,1,0,0,2,0,0,0
UT,2014,1,0,0,0,0,0,0
VA,2014,0,0,0,2,0,0,1
VI,2014,0,0,0,0,0,0,0
VT,2014,0,0,0,0,0,0,0
WA,2014,1,0,0,0,0,0,0
WI,2014,0,0,0,0,0,0,0
WV,2014,0,0,0,0,0,0,0
WY,2014,0,0,0,1,0,0,0
AK,2015,0,0,0,0,0,1,0
AL,2015,0,0,0,1,0,0,0
AR,2015,0,1,0,3,0,0,0
AZ,2015,1,0,0,0,0,0,0
CA,2015,1,0,0,0,0,1,0
CO,2015,0,1,0,2,0,1,0
CT,2015,0,0,0,1,0,0,1
DE,2015,0,0,0,0,0,0,1
FL,2015,0,0,0,1,0,0,0
GA,2015,0,1,0,1,0,0,1
HI,2015,0,0,0,0,0,0,0
IA,2015,0,0,0,3,0,0,0
ID,2015,1,0,0,0,0,1,0
IL,2015,0,0,0,3,0,0,1
IN,2015,0,0,0,1,0,0,0
KS,2015,0,1,0,3,0,0,0
KY,2015,0,0,0,2,0,0,1
LA,2015,0,1,0,1,0,0,0
MA,2015,0,0,0,0,0,0,1
MD,2015,0,1,0,1,0,0,1
ME,2015,0,0,0,0,0,0,1
MI,2015,0,0,0,2,0,0,1
MN,2015,0,0,0,0,0,0,0
MO,2015,0,0,0,2,0,0,0
MS,2015,0,0,0,1,0,0,0
MT,2015,1,0,0,0,0,1,0
NC,2015,0,1,0,2,0,0,1
ND,2015,0,0,0,0,0,1,0
NE,2015,0,0,0,1,0,0,0
NH,2015,0,0,0,0,0,0,1
NJ,2015,0,1,0,1,0,0,1
NM,2015,0,0,0,1,0,0,0
NV,2015,1,0,0,0,0,0,0
NY,2015,0,0,0,1,0,0,1
OH,2015,0,1,0,1,0,0,1
OK,2015,0,1,0,4,0,0,0
OR,2015,1,0,0,0,0,1,0
PA,2015,0,0,0,3,0,0,1
PR,2015,0,0,0,0,0,0,0
RI,2015,0,0,0,0,0,0,1
SC,2015,0,2,0,1,0,0,1
SD,2015,0,0,0,2,0,0,0
TN,2015,0,0,0,3,0,0,1
TX,2015,0,1,0,4,0,1,0
UT,2015,1,0,0,0,0,0,0
VA,2015,0,1,0,1,0,0,1
VI,2015,0,0,0,0,0,0,0
VT,2015,0,0,0,0,0,0,0
WA,2015,1,0,0,0,0,1,0
WI,2015,0,0,0,2,0,0,0
WV,2015,0,0,0,1,0,0,0
WY,2015,0,0,0,0,0,1,0
AK,2016,0,0,0,0,0,0,0
AL,2016,1,0,0,1,0,1,0
AR,2016,0,0,0,1,0,0,0
AZ,2016,0,0,0,0,0,1,0
CA,2016,1,0,0,0,0,1,0
CO,2016,0,0,0,3,0,0,0
CT,2016,1,0,0,1,0,0,0
DE,2016,0,0,0,0,0,0,0
FL,2016,0,0,0,2,1,0,0
GA,2016,1,0,0,2,1,1,0
HI,2016,0,0,0,0,0,0,0
IA,2016,0,0,0,0,0,0,0
ID,2016,0,0,0,0,0,1,0
IL,2016,0,1,0,3,0,0,0
IN,2016,0,1,0,1,0,0,0
KS,2016,0,0,0,2,0,0,0
KY,2016,0,0,0,1,0,0,0
LA,2016,0,2,0,2,0,0,0
MA,2016,1,0,0,1,0,0,0
MD,2016,0,0,0,3,0,0,0
ME,2016,1,0,0,0,0,0,0
MI,2016,0,0,0,1,0,0,0
MN,2016,0,0,0,0,0,0,0
MO,2016,0,0,0,3,0,0,0
MS,2016,1,0,0,2,0,0,0
MT,2016,0,0,0,1,0,0,0
NC,2016,1,0,0,2,1,1,0
ND,2016,0,0,0,0,0,0,0
NE,2016,0,0,0,1,0,0,0
NH,2016,1,0,0,0,0,0,0
NJ,2016,0,0,0,2,0,0,0
NM,2016,0,0,0,0,0,0,0
NV,2016,1,0,0,0,0,1,0
NY,2016,1,0,0,2,0,0,0
OH,2016,0,1,0,0,0,0,0
OK,2016,0,0,0,3,0,0,0
OR,2016,0,0,0,0,0,1,0
PA,2016,0,0,0,2,0,0,0
PR,2016,0,0,0,0,0,0,0
RI,2016,1,0,0,0,0,0,0
SC,2016,1,0,0,1,1,0,0
SD,2016,0,0,0,0,0,0,0
TN,2016,0,0,0,1,0,1,0
TX,2016,0,2,0,7,0,0,0
UT,2016,0,0,0,0,0,0,0
VA,2016,0,1,0,3,1,0,0
VI,2016,0,0,0,0,0,0,0
VT,2016,1,0,0,0,0,0,0
WA,2016,0,0,0,0,0,1,0
WI,2016,0,0,0,0,0,0,0
WV,2016,0,1,0,0,0,0,0
WY,2016,0,0,0,1,0,1,0
AK,2017,0,0,0,0,0,0,0
AL,2017,0,1,1,3,2,0,0
AR,2017,0,1,0,2,0,0,0
AZ,2017,0,0,0,0,0,1,0
CA,2017,0,1,0,1,0,1,0
CO,2017,0,0,0,1,0,0,0
CT,2017,0,0,0,0,0,0,0
DE,2017,0,0,0,0,0,0,0
FL,2017,0,0,1,1,1,0,0
GA,2017,0,0,1,2,1,0,0
HI,2017,0,0,0,0,0,0,0
IA,2017,0,0,0,4,0,0,0
ID,2017,0,0,0,0,0,1,0
IL,2017,0,1,0,4,0,0,0
IN,2017,0,1,0,1,0,0,0
KS,2017,0,0,0,2,0,0,0
KY,2017,0,1,1,2,0,0,0
LA,2017,0,1,0,1,1,0,0
MA,2017,0,0,0,0,0,0,0
MD,2017,0,0,0,1,0,0,0
ME,2017,0,0,0,0,0,0,0
MI,2017,0,0,0,2,0,0,0
MN,2017,0,0,0,2,0,0,0
MO,2017,0,1,0,4,0,0,0
MS,2017,0,1,1,2,1,0,0
MT,2017,1,0,0,0,0,1,0
NC,2017,0,0,1,1,2,0,0
ND,2017,1,0,0,0,0,0,0
NE,2017,0,0,0,3,0,0,0
NH,2017,0,0,0,0,0,0,0
NJ,2017,0,0,0,0,0,0,0
NM,2017,0,0,0,1,0,0,0
NV,2017,0,0,0,0,0,1,0
NY,2017,0,0,0,2,0,0,0
OH,2017,0,1,0,2,0,0,0
OK,2017,0,1,0,3,0,0,0
OR,2017,0,0,0,0,0,1,0
PA,2017,0,0,0,1,0,0,0
PR,2017,0,0,0,0,2,0,0
RI,2017,0,0,0,0,0,0,0
SC,2017,0,0,1,2,1,0,0
SD,2017,1,0,0,0,0,0,0
TN,2017,0,1,1,2,1,0,0
TX,2017,0,1,0,4,1,0,0
UT,2017,0,0,0,0,0,0,0
VA,2017,0,0,1,2,0,0,0
VI,2017,0,0,0,0,2,0,0
VT,2017,0,0,0,0,0,0,0
WA,2017,0,0,0,0,0,1,0
WI,2017,0,0,0,2,0,0,0
WV,2017,0,0,0,1,0,0,0
WY,2017,0,0,0,1,0,1,0
AK,2018,0,0,0,0,0,0,0
AL,2018,0,0,0,3,1,0,0
AR,2018,0,0,0,2,0,0,0
AZ,2018,1,0,0,0,0,0,0
CA,2018,1,0,0,0,0,1,0
CO,2018,1,0,0,4,0,1,0
CT,2018,0,0,0,1,0,0,2
DE,2018,0,0,0,0,0,0,1
FL,2018,0,0,0,2,1,0,0
GA,2018,0,0,0,3,2,0,1
HI,2018,0,0,0,0,0,0,0
IA,2018,0,0,0,3,0,0,0
ID,2018,0,0,0,0,0,1,0
IL,2018,0,0,0,3,0,0,0
IN,2018,0,0,0,3,0,0,0
KS,2018,1,0,0,3,0,0,0
KY,2018,0,0,0,1,0,0,0
LA,2018,0,0,0,2,0,0,0
MA,2018,0,0,0,1,0,0,2
MD,2018,0,0,0,3,1,0,2
ME,2018,0,0,0,0,0,0,1
MI,2018,0,0,0,2,0,0,0
MN,2018,0,0,0,0,0,0,0
MO,2018,1,0,0,3,0,0,0
MS,2018,0,0,0,1,0,0,0
MT,2018,0,0,0,0,0,1,0
NC,2018,0,0,0,2,2,0,2
ND,2018,0,0,0,0,0,0,0
NE,2018,0,0,0,2,0,0,0
NH,2018,0,0,0,0,0,0,1
NJ,2018,0,0,0,2,0,0,2
NM,2018,1,0,0,1,0,0,0
NV,2018,1,0,0,0,0,0,0
NY,2018,0,0,0,3,0,0,2
OH,2018,0,0,0,2,0,0,0
OK,2018,1,0,0,2,0,0,0
OR,2018,1,0,0,0,0,1,0
PA,2018,0,0,0,4,0,0,2
PR,2018,0,0,0,0,0,0,0
RI,2018,0,0,0,0,0,0,2
SC,2018,0,0,0,3,2,0,1
SD,2018,0,0,0,0,0,0,0
TN,2018,0,0,0,1,0,0,1
TX,2018,1,0,0,5,0,0,0
UT,2018,1,0,0,1,0,1,0
VA,2018,0,0,0,3,2,0,2
VI,2018,0,0,0,0,0,0,0
VT,2018,0,0,0,1,0,0,0
WA,2018,0,0,0,0,0,1,0
WI,2018,0,0,0,1,0,0,0
WV,2018,0,0,0,1,0,0,0
WY,2018,0,0,0,1,0,1,0
AK,2019,0,0,0,0,0,1,0
AL,2019,0,0,0,3,0,0,0
AR,2019,0,2,0,2,0,0,0
AZ,2019,0,0,0,0,0,0,0
CA,2019,0,0,0,0,0,1,0
CO,2019,0,0,0,2,0,0,0
CT,2019,0,0,0,1,0,0,0
DE,2019,0,0,0,0,0,0,0
FL,2019,0,0,0,0,1,0,0
GA,2019,0,0,0,1,1,0,0
HI,2019,0,0,0,0,0,0,0
IA,2019,0,2,0,2,0,0,0
ID,2019,0,0,0,0,0,0,0
IL,2019,0,1,0,3,0,0,0
IN,2019,0,1,0,3,0,0,0
KS,2019,0,2,0,2,0,0,0
KY,2019,0,1,0,0,0,0,0
LA,2019,0,1,0,3,1,0,0
MA,2019,0,0,0,1,0,0,0
MD,2019,0,0,0,1,0,0,0
ME,2019,0,0,0,0,0,0,0
MI,2019,0,1,0,0,0,0,0
MN,2019,0,1,0,0,0,0,0
MO,2019,0,2,0,2,0,0,0
MS,2019,0,1,0,3,0,0,0
MT,2019,0,0,0,0,0,0,0
NC,2019,0,0,0,2,1,0,0
ND,2019,0,1,0,0,0,0,0
NE,2019,0,2,0,1,0,0,0
NH,2019,0,0,0,0,0,0,0
NJ,2019,0,0,0,2,0,0,0
NM,2019,0,0,0,0,0,0,0
NV,2019,0,0,0,0,0,0,0
NY,2019,0,0,0,1,0,0,0
OH,2019,0,1,0,3,0,0,0
OK,2019,0,2,0,4,0,0,0
OR,2019,0,0,0,0,0,0,0
PA,2019,0,0,0,3,0,0,0
PR,2019,0,0,0,0,1,0,0
RI,2019,0,0,0,0,0,0,0
SC,2019,0,0,0,0,1,0,0
SD,2019,0,1,0,0,0,0,0
TN,2019,0,1,0,2,0,0,0
TX,2019,0,1,0,5,1,0,0
UT,2019,0,0,0,0,0,0,0
VA,2019,0,0,0,1,1,0,0
VI,2019,0,0,0,0,0,0,0
VT,2019,0,0,0,0,0,0,0
WA,2019,0,0,0,0,0,0,0
WI,2019,0,1,0,0,0,0,0
WV,2019,0,0,0,1,0,0,0
WY,2019,0,0,0,1,0,0,0
AK,2020,0,0,0,0,0,0,0
AL,2020,0,0,0,6,3,0,0
AR,2020,0,0,0,7,1,0,0
AZ,2020,1,0,0,0,0,1,0
CA,2020,1,0,0,0,0,1,0
CO,2020,1,0,0,0,0,1,0
CT,2020,0,0,0,1,1,0,0
DE,2020,0,0,0,2,1,0,0
FL,2020,0,0,0,4,3,0,0
GA,2020,0,0,0,5,5,0,0
HI,2020,0,0,0,0,0,0,0
IA,2020,1,0,0,3,0,0,0
ID,2020,0,0,0,0,0,1,0
IL,2020,0,0,0,6,0,0,0
IN,2020,0,0,0,6,0,0,0
KS,2020,1,0,0,4,0,0,0
KY,2020,0,0,0,4,0,0,0
LA,2020,0,0,0,5,4,0,0
MA,2020,0,0,0,2,1,0,0
MD,2020,0,0,0,4,1,0,0
ME,2020,0,0,0,0,0,0,0
MI,2020,0,0,0,3,0,0,0
MN,2020,0,0,0,2,0,0,0
MO,2020,0,0,0,6,0,0,0
MS,2020,0,0,0,5,4,0,0
MT,2020,0,0,0,0,0,1,0
NC,2020,0,0,0,5,4,0,0
ND,2020,1,0,0,0,0,0,0
NE,2020,1,0,0,3,0,0,0
NH,2020,0,0,0,0,0,0,0
NJ,2020,0,0,0,3,1,0,0
NM,2020,1,0,0,0,0,1,0
NV,2020,1,0,0,0,0,1,0
NY,2020,0,0,0,3,1,0,0
OH,2020,0,0,0,4,0,0,0
OK,2020,0,0,0,6,0,0,0
OR,2020,1,0,0,0,0,1,0
PA,2020,0,0,0,5,1,0,0
PR,2020,0,0,0,0,0,0,0
RI,2020,0,0,0,2,1,0,0
SC,2020,0,0,0,5,5,0,0
SD,2020,0,0,0,2,0,0,0
TN,2020,0,0,0,8,1,0,0
TX,2020,1,0,0,7,3,0,0
UT,2020,1,0,0,0,0,1,0
VA,2020,0,0,0,6,2,0,0
VI,2020,0,0,0,0,0,0,0
VT,2020,0,0,0,0,0,0,0
WA,2020,1,0,0,0,0,1,0
WI,2020,0,0,0,3,0,0,0
WV,2020,0,0,0,3,0,0,0
WY,2020,1,0,0,0,0,1,0
