Actual CO2_emissions,Predicted CO2 emissions
2.1300119496719043,1.9865422372748003
1.8561244442423004,1.8626184552442369
1.7752462597402365,1.7877859533890752
2.539828558377898,2.624383063066635
1.8790958795000727,1.8882755890036944
1.631443769013172,1.7044729601034923
1.187520720836463,1.299462474714523
2.3412366232386925,2.278868884402916
2.1961761850399735,2.1110604074250356
1.1398790864012365,1.4312502441613768
2.3531465462139796,2.30626741319818
2.3366598234544202,2.218262848499633
1.866287339084195,1.845607792250847
1.8543060418010806,1.925719853052494
2.1513698502474603,2.085158074485618
2.346548558548474,2.4491015107903995
1.2966651902615312,1.2104919951550754
1.8585371975696392,1.9266886199864488
1.9339931638312424,2.0147964978968242
2.2837533833325265,2.263247297988674
1.9618954736678504,2.013542330946501
1.745855195173729,1.8273047328498406
2.0989896394011773,2.0975829072046177
1.462397997898956,1.5410827252744892
1.6138418218760693,1.6558709782378966
1.5809249756756194,1.6476948833096796
1.2201080880400552,1.2995498182996839
2.0895518828864543,2.1791026385526746
1.7474118078864234,1.7513796800021981
2.311753861055754,2.336829267960957
2.156851901070011,2.0637898975611493
1.677606952720493,1.5193940333123988
2.4156409798961542,2.3482377965202237
1.994756944587628,2.05151796643718
1.5550944485783191,1.7291905889729926
2.4409090820652177,2.330334154359257
1.1335389083702174,1.2279062461518295
1.8536982117761744,1.850973763665332
1.1238516409670858,1.4680741896488718
2.0877814178095426,2.0579277952581845
2.824776462475546,2.957181081004
1.7853298350107671,1.795238569710094
0.8129133566428556,1.0104176931086313
2.041787318971752,2.023553188047322
1.8779469516291882,1.9904776856387003
2.0461047872460387,1.7727075847123888
2.0153597554092144,1.9856594154295357
1.7701152947871017,1.585307747906596
2.1300119496719043,1.974972009898107
1.887054378050957,1.9083909592307369
1.787460474518415,1.7936372658383086
2.5548524343720547,2.6276994128041795
1.8943160626844384,1.9086078509129396
1.608526033577194,1.67433291299144
1.1760912590556813,1.2799990047831344
2.368286884902131,2.304412551915848
2.2013971243204513,2.1134301210794084
1.1522883443830565,1.450560799573167
2.3356584522893016,2.2872562749252645
2.3404441148401185,2.204623242525218
1.8898617212581883,1.8539138647536935
1.850033257689769,1.9209823965535224
2.1451964061141817,2.0823614530081245
2.3176455432211585,2.422829147671202
1.290034611362518,1.1890511548291047
1.8762178405916423,1.93070186146443
1.9258275746247424,2.0064442972611176
2.28397928423848,2.25041566325481
1.964259630196849,2.0048349194048734
1.7551122663950711,1.8474824796583236
2.1152775913959014,2.1110597654743377
1.4885507165004443,1.5396014693191291
1.6364878963533653,1.6689865340032717
1.6127838567197355,1.6663141992195212
1.2253092817258628,1.294955081247088
2.076276255404218,2.1631365811532146
1.745855195173729,1.7560330143585428
2.3102683666324477,2.3389316489204464
2.156851901070011,2.067345329639146
1.6901960800285136,1.4750333145889
2.4149733479708178,2.3246912350720756
1.9894498176666917,2.0565625050231486
1.615950051656401,1.8254688255505633
2.425044874551389,2.327056785158328
1.146128035678238,1.2154200385014393
1.8721562727482928,1.8669693240525658
1.110589710299249,1.4405708381863391
2.084576277934331,2.062960794020238
2.8311656339094426,2.958368339330852
1.8041394323353503,1.7960669629028918
0.7993405494535817,0.8776542531636329
2.0519239160461065,2.0291210673377624
1.88309335857569,2.0064938319713552
2.061452479087193,1.7840081037447253
2.0086001717619175,1.9834496319587633
1.8068580295188175,1.618354917803035
2.1386184338994925,1.9812374281866822
1.9095560292411753,1.9214425176720504
1.8041394323353503,1.8067385752915919
2.5597869682005565,2.625332278624874
1.9052560487484513,1.910751703838772
1.6222140229662954,1.6786245673103184
1.1818435879447726,1.3055377897030636
2.3679147387937527,2.308663530851145
2.2092468487533736,2.1090620657165924
1.1789769472931695,1.460318811378205
2.3560258571931225,2.3097034715152005
2.3531465462139796,2.2125644987185757
1.8970770032094204,1.891932181781622
1.8721562727482928,1.9421388179610752
2.1586639808139894,2.097078918281269
2.317436496535099,2.4285766014794494
1.3138672203691535,1.2076639807327094
1.890979596989689,1.9411730269425314
1.9132839017604184,1.9888089029078126
2.3027637084729817,2.266594410893632
1.968482948553935,2.019212086414312
1.7930916001765802,1.878142448086646
2.117602691690084,2.117410261012149
1.4955443375464486,1.5620853189331734
1.6253124509616739,1.6583329304219308
1.6201360549737576,1.662028798381273
1.2278867046136734,1.3055356970335343
2.0909630765957314,2.17579866084874
1.7543483357110188,1.760323605449067
2.315130317183602,2.336408079917119
2.1528995963937474,2.059499397577444
1.6998377258672457,1.515465831037798
2.4139699717480614,2.3346699729948326
1.9876662649262746,2.067348216844508
1.6273658565927327,1.844403836738508
2.423245873936808,2.326444726132355
1.1238516409670858,1.1895823963953038
1.890979596989689,1.8728669142904146
1.1335389083702174,1.454450775541794
2.0870712059065353,2.0635020303613563
2.819346484080453,2.9554904600958074
1.7972675408307164,1.7838776831050702
0.8129133566428556,1.0118242845486587
2.060320028688285,2.0326074565361396
1.884795363948981,2.005086428091945
2.065206128054312,1.7630731090318146
2.0277572046905536,2.002377290041989
1.797959643737196,1.6375528980631011
2.1565491513317814,1.9996626612370147
1.9380190974762104,1.9460081775594111
1.806179973983887,1.812082330284373
2.577836341292744,2.62968776533553
1.930949031167523,1.9315420593233594
1.6344772701607315,1.693013641864614
1.2068258760318498,1.2803354647262264
2.3823773034681137,2.3158088611567753
2.229937685907934,2.1295134054614686
1.1958996524092338,1.4748974149822236
2.368658712392227,2.3052386072946107
2.3780343224573315,2.218756221466323
1.9020028913507294,1.888293432090927
1.8819549713396004,1.9287069208417091
2.161368002234975,2.0999928904120595
2.3533390953113047,2.466991996604959
1.3502480183341627,1.4203016458375615
1.8915374576725645,1.9369091886169802
1.9185545305502736,1.9849980882047187
2.2907022432878543,2.252168361454076
1.9912260756924949,2.0245098149852914
1.7888751157754168,1.8639551882133234
2.1007150865730817,2.075648850591796
1.4871383754771865,1.5534442065719465
1.6222140229662954,1.6288166417589056
1.6599162000698502,1.6921731658220858
1.24551266781415,1.325522924738841
2.089198366805149,2.163218982306335
1.7664128471123994,1.7604213051915143
2.327563260187278,2.3727879602048225
2.1758016328482794,2.0797456402008714
1.7109631189952756,1.4953178391504802
2.4255342204982635,2.33565358443284
2.0008677215312267,2.0720942936264923
1.6138418218760693,1.8104013319622072
2.443262987458695,2.3702973183456746
1.0718820073061255,1.1593325199793019
1.9100905455940682,1.8813408965565874
1.1553360374650619,1.4567428522185262
2.106870544478654,2.0646381851578517
2.8317418336456384,2.9588900051332376
1.8155777483242672,1.7932607330610852
0.8325089127062363,0.917532661197253
2.0923696996291206,2.04521777112878
1.8943160626844384,2.002772640847907
2.0622058088197126,1.7719950075406525
2.0354297381845483,2.0279079394724975
1.8027737252919758,1.638862506298811
2.130333768495006,1.98964319270415
1.9503648543761232,1.9796565011296647
1.801403710017355,1.8111658986128654
2.5836521085420436,2.633536006137692
1.9712758487381052,2.010047354740547
1.6222140229662954,1.6947086557761053
1.1931245983544616,1.3117246863779917
2.3807537708039,2.3310020679284515
2.210318519826232,2.1195481576901343
1.1958996524092338,1.4563242378420087
2.3527611917238307,2.286105304020453
2.3594560201209864,2.186986695164569
1.8965262174895554,1.8781778743461213
1.8573324964312685,1.9399846804335428
2.166726055580052,2.10707612458087
2.2984163800612945,2.421388544786995
1.354108439147401,1.4591214193155824
1.890979596989689,1.9457139369246312
1.91803033678488,1.9990118105088892
2.281941933440825,2.2795742201981155
1.9786369483844743,2.0153789064686483
1.8475726591421122,1.9100462647666077
2.1172712956557644,2.0929857603810444
1.503790683057181,1.5415142438089533
1.6364878963533653,1.6395494475671426
1.6541765418779606,1.7081180986463758
1.2329961103921538,1.3198510126057292
2.0806264869218056,2.1688942808688405
1.7686381012476144,1.7909515367417357
2.3161800988934527,2.384654377806348
2.161667412437736,2.06604235028362
1.7193312869837267,1.5256039747778467
2.4082399653118496,2.3420658239181953
2.0073209529227447,2.095425011185896
1.6117233080073419,1.793377558241517
2.422917980767662,2.366400344371644
1.0934216851622351,1.1767543764032489
1.8981764834976764,1.8845023037908342
1.1335389083702174,1.4520824114993647
2.1000257301078626,2.057918613357542
2.8291107101552946,2.9629074381906517
1.8020892578817327,1.794193597764687
0.8195439355418687,0.9067721568055132
2.084933574936716,2.045236573575924
1.8943160626844384,1.9901936352517677
2.0203612826477078,1.7801115656057402
2.0273496077747564,2.023307948546188
1.8055008581584002,1.6610576438133653
2.146128035678238,2.0160209773984143
1.9474337218870508,1.9935863764045654
1.7916906490201179,1.8150758508853806
2.581835924057648,2.632466647832248
1.9628426812012425,2.003831674534369
1.6053050461411094,1.689467073790873
1.187520720836463,1.316994767847265
2.386855529184724,2.3412762636846858
2.2232362731029975,2.112173425633053
1.1789769472931695,1.4546091377485597
2.3575537197430814,2.2807472377772586
2.3653007486379876,2.201886513990185
1.900913067737669,1.8867145825057867
1.8876173003357362,1.9321553331423194
2.1690863574870227,2.111748454104728
2.318272080211627,2.4300011986560475
1.3820170425748683,1.4871778416569534
1.890979596989689,1.9387913497599825
1.92272545799326,2.0056535680399077
2.2805783703680764,2.2849768005699267
1.9903388547876015,2.0243394731810374
1.7993405494535817,1.8795035556553548
2.1212314551496214,2.0882836678492107
1.481442628502305,1.5562586785074557
1.631443769013172,1.6444277781119596
1.6211762817750353,1.687470413599494
1.250420002308894,1.3460478927529924
2.0806264869218056,2.1662464824773804
1.745855195173729,1.7803527229762266
2.3040594662175993,2.379430446383594
2.166726055580052,2.0788859087419493
1.7168377232995244,1.4990338080159762
2.4189638307036225,2.3529084074680298
2.0086001717619175,2.089977942992681
1.5954962218255742,1.7928250080415373
2.433929765608464,2.3752212699291104
1.0718820073061255,1.1737336002369592
1.9068735347220704,1.903920969585243
1.1430148002540952,1.3779023578696106
2.09795107099415,2.0915550547879316
2.8369567370595505,2.9705325693770885
1.7972675408307164,1.8029998808935557
0.8061799739838872,0.8609029523395657
2.079543007402906,2.0468598676100807
1.8573324964312685,1.988857715704205
2.072249897613515,1.8304246940129265
2.0322157032979815,2.0365725211539183
1.7972675408307164,1.6587608813005015
2.1489109931093564,2.010521871901156
1.9566485792052033,2.0009411135519977
1.7958800173440752,1.8119392060638462
2.5685537120494426,2.6068526479794003
1.9599948383284163,2.0103164225425982
1.6334684555795864,1.712775624108612
1.2013971243204515,1.3136412648503684
2.3941013020400446,2.34321766581223
2.231214647962601,2.13347500031542
1.1613680022349748,1.4134696971974625
2.3641756327706194,2.3087687052534727
2.376211850282673,2.213128696474126
1.8987251815894934,1.863772992286227
1.8970770032094204,1.9550363325632563
2.1571544399062814,2.0816072145507625
2.3087777736647213,2.4104365176320752
1.376576957056512,1.469944229071864
1.9063350418050906,1.948133690353934
1.9294189257142926,2.009674193748666
2.2730012720637376,2.270588959413382
2.0081741840064264,2.0298118585238663
1.810232517995084,1.8862047181940311
2.143327129992046,2.0819483073453298
1.513217600067939,1.539913638312909
1.6424645202421213,1.6466417659145027
1.6434526764861874,1.6946510633339185
1.3242824552976926,1.465135140208241
2.085290578230065,2.1665634111695735
1.7626785637274363,1.8200087235883458
2.326335860928751,2.400473070613289
2.1702617153949575,2.07458062876785
1.7134905430939424,1.5069739206121482
2.4318460456987254,2.3542742039663733
2.0178677189635055,2.1246966302403005
1.6009728956867482,1.7949986309288986
2.4396484295634737,2.3873292296396404
1.0644579892269184,1.181120193156481
1.9100905455940682,1.8913806435280391
1.1398790864012365,1.3543168810465551
2.0916669575956846,2.1005109577994623
2.8333383889393975,2.9691769024633765
1.8020892578817327,1.8160690317239223
0.8195439355418687,0.8615009722884412
2.0941215958405612,2.061665135108805
1.8692317197309762,1.9929897839792123
2.059184617631371,1.7999759965291946
2.024074987307426,2.0209309650825387
1.810232517995084,1.6723696066482323
2.1571544399062814,2.0278011348878997
1.9903388547876015,2.038586663854763
1.8000293592441343,1.8021476077751948
2.590395947184013,2.615715161494357
1.974971994298069,2.030598536828316
1.6532125137753437,1.7057365147136347
1.209515014542631,1.2981979953691525
2.4148062795010126,2.368940783606837
2.24551266781415,2.143835518332764
1.1986570869544226,1.4490646977800292
2.3787611753163733,2.314065663973373
2.376211850282673,2.190032632998489
1.9111576087399766,1.8763334672692769
1.8813846567705728,1.9475991940102086
2.17435059747938,2.081308812697474
2.330413773349191,2.4155425832970967
1.3838153659804313,1.4798279267881989
1.911690158753861,1.9433836270367952
1.9222062774390163,1.9939236200873887
2.2796669440484556,2.270263457068546
2.0060379549973173,2.0236539607503397
1.8215135284047732,1.879075678328475
2.146128035678238,2.0883295743551478
1.5352941200427705,1.5633717250190142
1.6414741105040995,1.6383603080817557
1.6839471307515121,1.724614313133371
1.3443922736851108,1.4687855428015335
2.095518042323151,2.1696414708778566
1.7723217067229198,1.8253238622217283
2.332034277027518,2.3971153076825114
2.1809855807867304,2.090546826086125
1.7015679850559273,1.5311312522944012
2.425044874551389,2.3478437415388824
2.0017337128090005,2.114901009715624
1.6127838567197355,1.7990116395117242
2.445136968713304,2.387616222342382
1.0413926851582251,1.1397114846264014
1.9469432706978254,1.937926313341643
1.1430148002540952,1.3270517201669434
2.09795107099415,2.0814710490782873
2.8341662839426203,2.9736375219133033
1.8202014594856402,1.8157719312702052
0.8512583487190752,0.8905321931740318
2.1085650237328344,2.074209259467802
1.877371345869774,2.011666162893039
2.04766419460156,1.8108180287891327
2.0354297381845483,2.0326624018034924
1.8109042806687004,1.6527258034006755
2.161368002234975,2.017670445541906
1.989894563718773,1.993070659765944
1.7831886910752577,1.799542443152728
2.586249638866042,2.608671974100868
1.9840770339028309,2.0418933969962327
1.6464037262230695,1.7171534288632873
1.2278867046136734,1.3077531588981484
2.4194600727860704,2.371935964331288
2.2702128548962426,2.162085601208236
1.2013971243204515,1.4226644345599042
2.3891660843645326,2.3414048721340346
2.3736474722092176,2.184425274876245
1.9100905455940682,1.8787127464674467
1.8603380065709938,1.8827431176771943
2.180412632838324,2.0647160908886124
2.3142886609474975,2.4004799436770816
1.3654879848908996,1.4422529462089217
1.9222062774390163,1.9428284372410176
1.9294189257142926,2.000706701361533
2.2837533833325265,2.260188135218892
2.00987563371216,2.0322840629190213
1.808885867359812,1.8680450097816732
2.1547282074401557,2.0759800642193977
1.5477747053878226,1.5556043770645371
1.6454222693490919,1.633251624166069
1.7015679850559273,1.7435324263086973
1.3304137733491908,1.4575763951196232
2.111262513659065,2.177516075746713
1.7759743311293692,1.7840580955375915
2.3236645356081,2.391586972382672
2.1922886125681202,2.0919654257931737
1.7259116322950483,1.511189232023392
2.4372747974101237,2.3644496234931602
2.030194785356751,2.133580842067969
1.615950051656401,1.7979040519860638
2.449324093098727,2.386708295927772
1.0530784434834197,1.1793860841010324
1.9390197764486665,1.9302960424111482
1.1271047983648077,1.3238498903410822
2.1020905255118367,2.0849964604557196
2.8158432906632664,2.9512113443734385
1.8293037728310249,1.811338553924792
0.8325089127062363,0.8616075181626597
2.113943352306837,2.0707911305173945
1.8819549713396004,2.016427159327589
2.055378331375,1.7748128418182092
2.04766419460156,2.0202790530018
1.8055008581584002,1.6090972793060971
2.1687920203141817,2.023240968709581
2.0038911662369103,2.0060313357109467
1.7965743332104296,1.80645359321518
2.5962671263955155,2.611821446448269
1.9890046156985368,2.041153929040132
1.615950051656401,1.6733951738243813
1.2013971243204515,1.2361260136656886
2.4171394097273255,2.367797153410694
2.2643455070500926,2.1541185569856496
1.2013971243204515,1.4583899546765164
2.374748346010104,2.3179118868643367
2.369957607346053,2.1812289644399363
1.9175055095525466,1.871331764214259
1.861534410859038,1.8865927694349591
2.187238619831479,2.0518370081526167
2.3281756614383227,2.4108829460886825
1.3304137733491908,1.4140888937693479
1.8959747323590646,1.8889932945868524
1.887054378050957,1.9491893020835858
2.2576785748691846,2.23182508691573
1.9982593384236986,2.018479497490534
1.8228216453031045,1.8758834326574019
2.1492191126553797,2.061912638322952
1.550228353055094,1.6042491980924578
1.651278013998144,1.6381264729195206
1.6211762817750353,1.7454325485504714
1.290034611362518,1.4119947008189495
2.0867156639448825,2.159559221135362
1.7803173121401512,1.8005263435456116
2.2837533833325265,2.3483056919720986
2.1766699326681493,2.0657082039086325
1.711807229041191,1.505171505622886
2.425697213362591,2.353946206978019
2.0437551269686796,2.139159281460931
1.608526033577194,1.7824403450584936
2.4407517004791854,2.36737602025852
1.0253058652647702,1.0865626276830103
1.9410142437055697,1.9291298198925486
1.130333768495006,1.3039581086443297
2.1089031276673134,2.089866744496448
2.81544491624435,2.9306271197727782
1.8375884382355112,1.8420832264310163
0.8260748027008264,0.8510604195415707
2.0916669575956846,2.0433960708949077
1.8686444383948257,2.0021258010668928
2.056142262059052,1.784611022194691
2.015778756389041,2.0020081116036104
1.8109042806687004,1.614687129610973
2.173186268412274,2.0254134719856416
2.011993114659257,2.004986262975415
1.8055008581584002,1.8136737301282833
2.6012993101943374,2.610776335945879
2.000434077479319,2.0415776534177152
1.6074550232146685,1.6522481758602798
1.2227164711475833,1.2285007649650295
2.4127964287165433,2.3590871468156958
2.2702128548962426,2.1534508095494034
1.2148438480476977,1.462411157344302
2.388278863459639,2.317503948029168
2.3690302218091532,2.168721123660664
1.943988875073772,1.8742620825304273
1.9052560487484513,1.9161078966128522
2.1883659260631485,2.052996963776907
2.329397879361043,2.4236193309061087
1.3242824552976926,1.4437302871177997
1.8970770032094204,1.8915772242394655
1.9052560487484513,1.9505526869779453
2.2624510897304293,2.2242196801188583
2.004751155591001,2.024060358772615
1.8356905714924256,1.8837783230966774
2.146128035678238,2.0671571531002173
1.5670263661590604,1.6053789957734277
1.6532125137753437,1.6337636403208617
1.6232492903979006,1.7354772498429072
1.2855573090077739,1.398189851690005
2.1126050015345745,2.1789575201518026
1.7737864449811935,1.8125777555302451
2.298197867109815,2.3539853666908095
2.1931245983544616,2.0810183882806945
1.7267272090265722,1.4946014807333978
2.431524584187451,2.3549179394739217
2.040602340114073,2.137146732249955
1.6434526764861874,1.8012826399739583
2.4448251995097476,2.367194965028476
1.0453229787866574,1.078766455750276
1.9429995933660404,1.9172151618620172
1.146128035678238,1.324121901837704
2.1075491297446862,2.0844907635789913
2.814846668604463,2.9184007955545996
1.8494194137968993,1.8343998494198304
0.8129133566428556,0.858772491959761
2.1095785469043866,2.059116345203471
1.8992731873176039,2.0285411965243276
2.0644579892269186,1.7770128702175358
2.0224283711854865,2.004884426709942
1.8260748027008264,1.6314506008397998
2.149834696715785,2.0093718353058345
2.0141003215196207,1.9912168841631508
1.8115750058705933,1.8226502352137506
2.583765368285,2.58939670537602
1.9916690073799486,2.012632498880117
1.5786392099680724,1.6230305306037445
1.1986570869544226,1.2112598466648539
2.380934463330702,2.3274645617996845
2.2397998184470986,2.1242693253987217
1.1931245983544616,1.4464047726952542
2.385963570600697,2.3121700378097203
2.3609718837259357,2.1749867957783926
1.9628426812012425,1.8869464121390878
1.8756399370041683,1.855271495064137
2.1818435879447726,2.0312546500265314
2.3334472744967503,2.444050221817315
1.2833012287035497,1.4062199148104138
1.8756399370041683,1.8726339051257566
1.8876173003357362,1.9629201755482986
2.247236549506764,2.209063393790881
2.003029470553618,2.015557704558352
1.813580988568192,1.859537204482662
2.1357685145678222,2.0814560431943483
1.5587085705331658,1.591695405683637
1.6730209071288962,1.6250938218139503
1.6148972160331345,1.7066505754708987
1.276461804173244,1.4316777719666498
2.1051694279993316,2.169008125983893
1.7551122663950711,1.7763226265052547
2.2762319579218335,2.3334225586519213
2.178401341533755,2.048697372592803
1.7299742856995557,1.4851064609937246
2.419625360887743,2.327549391600846
2.0515383905153275,2.1381048046687128
1.6334684555795864,1.788567250918415
2.4320066872695985,2.3520400198143503
1.0293837776852097,0.7821109657280729
1.9319661147281726,1.8903852597380326
1.1789769472931695,1.3262285863124856
2.085290578230065,2.058421270437884
2.7955324427101544,2.8789630681749396
1.8444771757456815,1.849079209900037
0.7781512503836436,0.5115910198166849
2.070037866607755,2.020179170483251
1.8808135922807914,2.018700521779936
2.0484418035504044,1.7420005012163782
2.024485667699167,1.9964731270837146
1.829946695941636,1.62214967172951
2.0835026198302673,2.0060726582003663
1.9740509027928774,2.0095242143262486
1.792391689498254,1.8097229852645405
2.5678494505731067,2.5757239270809182
1.972665592266111,1.9989000348921144
1.557507201905658,1.6167699431005134
1.08278537031645,1.11043187939788
2.353531559077762,2.315552573003593
2.2135177569963047,2.1473569242705532
1.1818435879447726,1.444892112623228
2.3571722577230334,2.284413021069375
2.3144992279731516,2.1627296493944717
1.9380190974762104,1.8671388352212106
1.8645110810583918,1.862963663492382
2.150449409460881,2.0250284800691696
2.303196057420489,2.4180936200223546
1.2671717284030137,1.3830114165152319
1.8555191556678001,1.8617432243654677
1.8488047010518038,1.9289240880835483
2.218535505216528,2.206606433179745
1.9675479762188621,1.9841554153200929
1.7846172926328754,1.8429153929840987
2.116939646550756,2.0585121504787582
1.5145477526602862,1.5889014367006253
1.6794278966121188,1.62123576755782
1.5976951859255124,1.6983172219412483
1.235528446907549,1.3921091661092846
2.041787318971752,2.1043773450340377
1.7611758131557314,1.7605884305214166
2.2375437381428744,2.306620771817847
2.1277525158329733,2.029833157309375
1.717670503002262,1.4310982035719042
2.3754807146185724,2.300176716993421
2.02816441942447,2.111112484520206
1.6127838567197355,1.771845523153511
2.3888114134735234,2.3274298184184725
1.0530784434834197,0.7865066576372612
1.9020028913507294,1.9134686458200822
1.173186268412274,1.3273548159726012
2.011993114659257,2.0296220768755266
2.767823498007517,2.8732363592677186
1.8129133566428555,1.8388599757439805
0.7923916894982539,0.5238023556164646
2.0261245167454502,2.0051713538007747
1.8674674878590516,2.0079162244370585
1.9566485792052033,1.6802325817485664
1.9854264740830017,1.974334019636299
1.8075350280688534,1.6338102760389943
2.1264561134318045,2.0165749827426693
1.9822712330395684,2.000273546605745
1.8208579894397,1.81565781483553
2.5605044151950564,2.5609173108497845
1.983175072037813,1.9984350671595439
1.5599066250361124,1.616097606107696
1.0530784434834197,1.1313223907162953
2.386320573894046,2.3405257783005626
2.237292337567459,2.160751151331738
1.2041199826559248,1.4548404058946245
2.3656751404559175,2.281422069102318
2.339053735709139,2.165035240517048
1.9585638832219674,1.8576787732779718
1.8621313793130372,1.8601240303775808
2.1775364999298623,2.0242152504400512
2.3287872003545345,2.420087695593033
1.2576785748691846,1.3838203942385103
1.8463371121298053,1.8623990430278412
1.8573324964312685,1.92667347243968
2.2195845262142546,2.190332042664765
1.9656719712201067,1.9766236754364237
1.8169038393756602,1.855394416078529
2.1293675957229854,2.054486520864016
1.5390760987927767,1.5644447835061457
1.7007037171450194,1.6414002856200747
1.5763413502057928,1.6782685876433487
1.2201080880400552,1.3695652932676032
2.0572856444182146,2.1059981563598806
1.7283537820212285,1.738767546488964
2.2412973871099933,2.2935129542355646
2.1583624920952498,2.0528215549254765
1.7234556720351857,1.4781434048464797
2.3963737275365067,2.2947952300027104
2.0257153839013404,2.1111272339861427
1.61066016308988,1.7636357564652898
2.4085791254086675,2.3214700542673117
1.0413926851582251,0.8021769734861306
1.9237619608287002,1.9137503797674298
1.1818435879447726,1.3356026788703272
2.0425755124401905,2.051526745456036
2.7937903846908188,2.8917718652484665
1.8068580295188175,1.8331118700037679
0.7708520116421442,0.5023122979515091
2.037824750588342,2.0183488278252013
1.8668778143374989,1.9899442138554613
2.0064660422492318,1.698890607378567
1.9951962915971795,1.965019337878688
1.8175653695597809,1.6458688007999114
2.1166077439882485,2.0211753310645793
1.9731278535996986,1.9837529511995693
1.8305886686851442,1.8135071179288134
2.5429498488141786,2.5486857478798233
1.9656719712201067,1.9728747171760825
1.54282542695918,1.5812942673177601
1.089905111439398,1.195047211242867
2.361727836017593,2.3264158092216163
2.196452541703389,2.1363750500398084
1.1986570869544226,1.4594156213772318
2.3630475945210936,2.2752663291990474
2.3236645356081,2.1663428498654533
1.9429995933660404,1.854881910543973
1.8506462351830666,1.839905888883099
2.1740598077250253,2.006813715286499
2.3346547668832414,2.425900677197373
1.24551266781415,1.363535601952563
1.816241299991783,1.8449726008440073
1.8331471119127851,1.9029881517176537
2.2052043639481447,2.1753333470379315
1.9637878273455553,1.9703989839607394
1.7831886910752577,1.838529371741203
2.130976691605617,2.0437547781058583
1.4996870826184039,1.6042177320015427
1.720985744153739,1.6273572961542402
1.5314789170422551,1.6415200727846568
1.212187604403958,1.3743812455947446
2.0584260244570056,2.105925367865314
1.7474118078864234,1.7384240292111826
2.215637563435062,2.263094931453718
2.1119342763326814,2.027178728440673
1.734799829588847,1.5342004052757878
2.3749315539781883,2.2879981691692417
2.03261876085072,2.096465526970316
1.5717088318086876,1.7297382570130178
2.395675785269936,2.3069751794530435
1.0453229787866574,0.7915271679532223
1.9030899869919435,1.896041812245452
1.167317334748176,1.3221896540519391
2.02816441942447,2.0452214362553707
2.8055688175485556,2.8804099543149753
1.810232517995084,1.843445834241702
0.7634279935629372,0.4995480246818178
2.0008677215312267,1.9968360451318605
1.8369567370595505,1.9599172013185933
1.9943171526696368,1.692741568073076
1.990782691803138,1.9606171359878322
1.808885867359812,1.6495531111351878
2.0941215958405612,2.02072565425347
1.964259630196849,1.985177485242113
1.823474229170301,1.7998523151108148
2.5493711523331775,2.53869630734649
1.9609461957338314,1.9625376665814787
1.534026106056135,1.576609623331461
1.1271047983648077,1.2158723812424879
2.350441856535061,2.318327313594127
2.1370374547895126,2.1131593896801815
1.1958996524092338,1.4457105933237462
2.338854746252323,2.2545230281639452
2.292920299600006,2.155551182453713
1.912753303671323,1.8258573013521961
1.8208579894397,1.8267137521927777
2.140193678578631,1.9975869910906678
2.3126004392612596,2.3973692503603767
1.2013971243204515,1.3219350275219415
1.7853298350107671,1.831152998197171
1.7916906490201179,1.849580456212124
2.187238619831479,2.1664146597200733
1.9405164849325673,1.9650584988169109
1.7965743332104296,1.8423006098628503
2.1061908972634154,2.0103403037744854
1.4828735836087537,1.5803329359892717
1.7075701760979363,1.6237923641335779
1.5403294747908738,1.6913526644223142
1.1643528557844371,1.3379160465260873
2.0170333392987803,2.043618684756298
1.7315887651867388,1.7309260117496224
2.2065560440990297,2.2420052865874527
2.0870712059065353,2.023853321695461
1.7543483357110188,1.5275655297125987
2.3370597263205246,2.277545469161256
2.02201573981772,2.091888742978903
1.568201724066995,1.7233417902666353
2.377124042346456,2.296184211138742
1.0253058652647702,0.7720040440673968
1.866287339084195,1.8865209619151941
1.1789769472931695,1.3335099277728122
2.0017337128090005,2.018348418878545
2.7982361763679355,2.878550090472539
1.792391689498254,1.8259797890476848
0.7403626894942439,0.4793933503295955
1.9925535178321356,2.0078661350595994
1.8356905714924256,1.954822633151411
1.9694159123539814,1.698329294713671
1.9585638832219674,1.9470221113904445
1.825426117767823,1.648024600235042
2.084576277934331,1.9983682835290613
1.9809119377768436,1.985585154270423
1.8375884382355112,1.7940964811834834
2.5515719736742537,2.5282458865572477
1.9628426812012425,1.957977571226865
1.54282542695918,1.5803803414893483
1.1172712956557642,1.204679226398988
2.3475251599986895,2.3148460929325716
2.1306553490220304,2.097309814831767
1.235528446907549,1.4747050914864253
2.3639878297484915,2.273901037888711
2.3038437748886547,2.15913330291924
1.9185545305502736,1.8501811070179053
1.8438554226231612,1.840343620785394
2.137354111370733,1.9711518027136727
2.2973227142053028,2.3806073577900464
1.2201080880400552,1.3364008756719277
1.7788744720027396,1.8217919996939318
1.8175653695597809,1.873953680627785
2.210318519826232,2.1893706824274495
1.9537596917332287,1.9710795702457644
1.7831886910752577,1.8356087426895873
2.123524980942732,2.0096259988991325
1.5010592622177514,1.5862750894850035
1.730782275666389,1.632480827491459
1.5622928644564746,1.7038695572096638
1.1553360374650619,1.3154747792720678
2.0310042813635367,2.0506561740311633
1.7275412570285564,1.7240173206828913
2.2100508498751372,2.2390686982193038
2.0989896394011773,2.049567669096597
1.75815462196739,1.566329055820964
2.3637999454791094,2.2860689159590906
2.015778756389041,2.0783321361709306
1.5932860670204574,1.7350229991570907
2.3935752032695876,2.3057697257135916
1.0086001717619175,0.77068740931914
1.8469553250198238,1.8871728426670944
1.1903316981702914,1.3358680527241065
1.9943171526696368,2.0063293516550753
2.8180938691466357,2.891668160081031
1.8273692730538253,1.8389979948574129
0.7634279935629372,0.49851096668007555
2.0224283711854865,2.013785167654446
1.8645110810583918,1.975432867967592
1.9786369483844743,1.7001222817324346
2.0056094453602804,1.967957329777795
1.8375884382355112,1.6257727348718887
2.0927206446840994,2.0045735891026273
1.9712758487381052,1.9653381140644144
1.841359470454855,1.7935671196058123
2.5478977175630972,2.5140306429010013
1.965201701025912,1.9638755508471317
1.545307116465824,1.5832478006635662
1.1072099696478683,1.187016250561804
2.3585059114902354,2.3187717360503286
2.1464381352857744,2.0834464859589468
1.2227164711475833,1.4552798535383547
2.3694014136966244,2.279780931675807
2.3153404766272883,2.1560259314583603
1.9237619608287002,1.8378384065340678
1.845098040014257,1.844882628656277
2.1414497734004674,1.9854255610858407
2.294466226161593,2.3601790253510466
1.2201080880400552,1.3423516997725486
1.7958800173440752,1.827543280820486
1.8048206787211623,1.8510050325305234
2.209783014848515,2.1974757623659653
1.9781805169374138,1.9705229444630619
1.806179973983887,1.8500915055649512
2.121887985103681,2.0106158608272175
1.507855871695831,1.5765395917009957
1.7201593034059568,1.63433566380639
1.5717088318086876,1.702522124600239
1.1760912590556813,1.331763911102417
2.0542299098633974,2.068278251546492
1.7015679850559273,1.7241385924502732
2.229937685907934,2.248224277183516
2.106870544478654,2.04846834870427
1.7730546933642626,1.585211113933291
2.367169488534681,2.289527563899614
2.020775488193558,2.079684942541189
1.5797835966168101,1.7209796381429174
2.3928727454020793,2.3182609043805376
1.0253058652647702,0.7787020349798355
1.8721562727482928,1.8784599989532835
1.1903316981702914,1.3359422860588919
2.017450729510536,2.020508142507388
2.822233480238844,2.8802959686313616
1.816241299991783,1.8256195539835969
0.7708520116421442,0.5111741689957934
2.0187004986662433,2.007475231531044
1.8549130223078556,1.9611373850291867
2.0034605321095063,1.7146819493988388
2.0064660422492318,1.9868419172313607
1.8182258936139555,1.6293397882844194
2.0813473078041325,2.0226994419577413
1.9604707775342989,1.9807045643692471
1.7745169657285496,1.7851362218854647
2.557025722386383,2.5074984125315924
1.9590413923210936,1.9534945923126945
1.5622928644564746,1.5758000435412014
1.110589710299249,1.1913571263580454
2.3666097103924297,2.3369184226157524
2.137986732723532,2.094939444197738
1.252853030979893,1.4650101669169682
2.3352572564345317,2.272978256471133
2.2723058444020863,2.1546524690338935
1.890979596989689,1.8174674461878264
1.8075350280688534,1.822500910874513
2.110252917353403,2.000336880371583
2.302114376956201,2.3682630320923486
1.2253092817258628,1.3396582434732687
1.7817553746524688,1.8351380839652616
1.8169038393756602,1.849433132009994
2.210318519826232,2.19373668179693
1.9444826721501687,1.950091300928317
1.8142475957319202,1.865047162302227
2.090258052931316,2.0045365388581122
1.506505032404872,1.5387537115215442
1.7067177823367587,1.6230396529024218
1.5477747053878226,1.6780620764558303
1.1818435879447726,1.3264699718653907
2.04766419460156,2.0600426293330103
1.7024305364455252,1.7149131787791636
2.2245330626060857,2.2256126137364984
2.0842186867392387,2.0455559082572417
1.7626785637274363,1.5502802194168726
2.330413773349191,2.2844200019750702
2.0043213737826426,2.074721327186149
1.5809249756756194,1.7071482545707997
2.3630475945210936,2.3050208604334386
1.0374264979406236,0.7735211328915668
1.8621313793130372,1.906686994094407
1.1553360374650619,1.3168492656187842
2.001300933020418,2.0190586496805945
2.819346484080453,2.889784209437558
1.8048206787211623,1.8003121970653297
0.7923916894982539,0.5147559645287045
2.0145205387579237,2.015381591888668
1.8656960599160706,1.9654325224632987
1.9680157139936418,1.7319539560880641
2.0008677215312267,1.9761304747002328
1.8055008581584002,1.5702534027985613
2.0622058088197126,2.0165661237487478
1.9410142437055697,1.98453752692514
1.7965743332104296,1.7921351590382897
2.5571461423183632,2.5095240398613856
1.9425041061680808,1.938051050399476
1.534026106056135,1.5512160923641818
1.1238516409670858,1.2129671854548216
2.3619166186686433,2.332892476783728
2.13481437032046,2.0763715144797
1.2624510897304295,1.4427566711820234
2.3106933123433606,2.271401700223747
2.262213705476417,2.1457704153093533
1.8709888137605752,1.8207992927176755
1.7930916001765802,1.8132766236734263
2.09377178149873,1.9975353307305164
2.3068537486930087,2.364832812340057
1.2148438480476977,1.326099984360198
1.7671558660821804,1.811621308700715
1.8055008581584002,1.8322869370018817
2.1818435879447726,2.193317432324766
1.9513375187959177,1.9600906172811237
1.8382192219076259,1.8824178808250172
2.072249897613515,1.9975145618067711
1.4857214264815801,1.537482529289559
1.6875289612146342,1.6102244205938994
1.5634810853944108,1.6872005549444462
1.1367205671564067,1.2699590665703577
2.044147620878723,2.0431044075733396
1.6848453616444126,1.7121474398211585
2.2132520521963968,2.208652801439024
2.081707270097349,2.0729459960075514
1.739572344450092,1.51796608154496
2.316808752053022,2.2763392521948194
1.987219229908005,2.071014762705658
1.5786392099680724,1.698337182693845
2.3372595397502756,2.29573657815946
0.9867717342662449,0.7247832570552615
1.8561244442423004,1.8954020499766018
1.1760912590556813,1.3217349344666918
2.0132586652835167,2.026603353958557
2.821382499747299,2.8881323141564734
1.7708520116421442,1.7770996516736663
0.7708520116421442,0.49935884451657575
2.018284308426531,2.019619254829147
1.8970770032094204,1.9801388238171405
1.9790929006383264,1.7454152471439444
1.9818186071706636,1.9701763097742693
1.7860412102425542,1.5707075395093262
2.039017321997412,1.9871558109841652
1.9360107957152095,1.9701257242341277
1.8095597146352678,1.7921343123775029
2.5588285248170117,2.506612531194865
1.943988875073772,1.9358258323416622
1.5276299008713388,1.5513566978473494
1.0934216851622351,1.1858518137819614
2.3594560201209864,2.329377358023445
2.1245042248342823,2.075471593945553
1.2695129442179163,1.4234447103523125
2.3068537486930087,2.2657404055335504
2.249442961442582,2.1283536844256585
1.8836614351536176,1.8236599992907965
1.7671558660821804,1.7985171421092159
2.059184617631371,1.985760249053444
2.3240765797394864,2.3869831964040027
1.1903316981702914,1.2924423486402814
1.7218106152125465,1.7960392495628077
1.8055008581584002,1.8180907968210556
2.185258765296585,2.1854543128331003
1.9489017609702137,1.9296394298848543
1.8331471119127851,1.8589292577235939
2.0916669575956846,1.9905960018069595
1.4857214264815801,1.5437907997712466
1.6830470382388496,1.6022077341948662
1.5622928644564746,1.6876604796309773
1.130333768495006,1.2540443363259772
2.0090257420869104,2.016661423068673
1.6910814921229684,1.7221037490341282
2.198931869932209,2.1813638480080226
2.065206128054312,2.0703879418490847
1.7535830588929067,1.5566966078781213
2.314709692955174,2.268561123225663
1.9722028383790644,2.0598310209948285
1.5877109650189114,1.69721500177647
2.3370597263205246,2.3089329918704897
1.0043213737826426,0.7381278280715855
1.841984804590114,1.8750229375517544
1.1643528557844371,1.3094460504361463
1.9938769149412112,2.023094774619191
2.830781075606361,2.884505275472384
1.7686381012476144,1.7683985404709444
0.7708520116421442,0.4942065626860912
1.994756944587628,1.9967151767099938
1.8981764834976764,1.9772747705273628
1.9609461957338314,1.7338336546865531
1.9934362304976116,1.9650829013442617
1.7958800173440752,1.588880360273747
2.0546130545568877,1.9855732085243338
1.9556877503135057,1.988151897918256
1.8536982117761744,1.7995964473650425
2.5593080109070123,2.497278691439958
1.9508514588885464,1.9528941507452076
1.5693739096150459,1.5961662500164988
1.100370545117563,1.194969741917316
2.3634239329171765,2.3354669098677845
2.124178055474675,2.071959369838146
1.2787536009528289,1.4264199116322827
2.3226327116922234,2.2721393871628464
2.2810333672477277,2.147100874030326
1.916453948549925,1.839798174150482
1.795184589682424,1.81508367041392
2.081707270097349,2.0116173928314116
2.323870606540509,2.3806779855807787
1.1760912590556813,1.2774667679775145
1.7737864449811935,1.834789678980839
1.7993405494535817,1.6752249708945661
2.209783014848515,2.199988755642568
1.9666109866819343,1.935115573320393
1.841359470454855,1.8419079262414013
2.0923696996291206,2.0100518184983707
1.4871383754771865,1.5365841677811738
1.7218106152125465,1.6197839494000648
1.5786392099680724,1.693806501477026
1.1522883443830565,1.2756808896995149
2.03382569395331,2.0371728602912476
1.657055852857104,1.723711105198833
2.224014811372864,2.190076171306942
2.076640443670342,2.0924004780725514
1.7723217067229198,1.5801834831927741
2.319314304090512,2.2811876121881807
1.990782691803138,2.0587529536742264
1.5965970956264601,1.691153806644659
2.344981413927258,2.314563852226566
1.0492180226701815,0.7725902067270116
1.866287339084195,1.885910108431418
1.1931245983544616,1.3310442154905564
1.9790929006383264,2.032537386148609
2.8457799671118895,2.903244008500582
1.7803173121401512,1.775872194410057
0.7708520116421442,0.4989898352180888
2.0132586652835167,2.0052051707021543
1.8965262174895554,1.9659668246317907
1.9537596917332287,1.7718187010423772
2.0056094453602804,1.9810316457378714
1.8034571156484138,1.602969731699345
